사고번호,사고일시,요일,시군구,도로명주소,사고내용,사망자수,중상자수,경상자수,부상신고자수,사고유형,법규위반,노면상태,기상상태,도로형태,가해운전자 차종,가해운전자 성별,가해운전자 연령,가해운전자 상해정도,피해운전자 차종,피해운전자 성별,피해운전자 연령,피해운전자 상해정도
2021010200100053,2021년 1월 2일 10시,토요일,서울특별시 마포구 구수동,,중상사고,0,1,0,0,차대차 - 측면충돌,안전운전불이행,-,맑음,단일로 - 기타,개인형이동수단(PM),남,28세,상해없음,이륜,남,49세,중상
2021011000100182,2021년 1월 10일 16시,일요일,서울특별시 서초구 반포동,,경상사고,0,0,1,0,차대차 - 측면충돌,불법유턴,-,맑음,교차로 - 교차로부근,개인형이동수단(PM),남,24세,경상,승용,남,43세,상해없음
2021011400100148,2021년 1월 14일 10시,목요일,서울특별시 서초구 서초동,,부상신고사고,0,0,0,1,차대차 - 기타,안전운전불이행,-,맑음,교차로 - 교차로부근,개인형이동수단(PM),여,24세,부상신고,승용,여,39세,상해없음
2021011500100555,2021년 1월 15일 21시,금요일,서울특별시 송파구 송파동,,경상사고,0,0,1,0,차대사람 - 보도통행중,안전운전불이행,-,맑음,단일로 - 기타,개인형이동수단(PM),남,26세,상해없음,보행자,여,30세,경상
2021011700100198,2021년 1월 17일 18시,일요일,서울특별시 강남구 논현동,,경상사고,0,0,1,0,차대사람 - 보도통행중,안전운전불이행,-,맑음,기타 - 기타,개인형이동수단(PM),남,34세,상해없음,보행자,여,48세,경상
2021011700100276,2021년 1월 17일 21시,일요일,서울특별시 마포구 서교동,,경상사고,0,0,1,0,차대사람 - 기타,안전운전불이행,-,맑음,단일로 - 기타,개인형이동수단(PM),남,20세,상해없음,보행자,여,19세,경상
2021011800100231,2021년 1월 18일 16시,월요일,서울특별시 중랑구 면목동,,경상사고,0,0,1,0,차대사람 - 기타,신호위반,-,맑음,교차로 - 교차로부근,개인형이동수단(PM),여,49세,상해없음,보행자,여,86세,경상
2021012100100066,2021년 1월 21일 08시,목요일,서울특별시 양천구 목동,,경상사고,0,0,1,0,차대사람 - 기타,기타,-,맑음,기타 - 기타,개인형이동수단(PM),여,21세,상해없음,보행자,여,42세,경상
2021012100100094,2021년 1월 21일 09시,목요일,서울특별시 강남구 역삼동,,경상사고,0,0,1,0,차대사람 - 기타,안전운전불이행,-,맑음,단일로 - 기타,개인형이동수단(PM),여,30세,상해없음,보행자,여,35세,경상
2021012300100010,2021년 1월 23일 01시,토요일,서울특별시 서대문구 북가좌동,,부상신고사고,0,0,0,1,차대차 - 측면충돌,교차로운행방법위반,-,맑음,교차로 - 교차로안,개인형이동수단(PM),남,27세,상해없음,승용,남,69세,상해없음
2021012400100234,2021년 1월 24일 18시,일요일,서울특별시 강남구 논현동,,경상사고,0,0,1,0,차대차 - 기타,안전운전불이행,-,맑음,단일로 - 기타,개인형이동수단(PM),남,31세,경상,승용,남,25세,상해없음
2021012400100324,2021년 1월 24일 21시,일요일,서울특별시 강남구 역삼동,,경상사고,0,0,1,0,차대차 - 기타,안전운전불이행,-,맑음,교차로 - 교차로횡단보도내,개인형이동수단(PM),남,19세,상해없음,이륜,여,52세,경상
2021012500100460,2021년 1월 25일 19시,월요일,서울특별시 서초구 서초동,,경상사고,0,0,1,0,차대사람 - 횡단중,보행자보호의무위반,-,맑음,교차로 - 교차로횡단보도내,개인형이동수단(PM),남,40세,기타불명,보행자,여,29세,경상
2021012600100293,2021년 1월 26일 15시,화요일,서울특별시 강동구 명일동,,경상사고,0,0,1,0,차대차 - 측면충돌,안전운전불이행,-,맑음,단일로 - 기타,개인형이동수단(PM),여,22세,상해없음,이륜,남,34세,경상
2021012700100486,2021년 1월 27일 21시,수요일,서울특별시 강서구 방화동,,경상사고,0,0,1,0,차대차 - 추돌,안전운전불이행,-,맑음,기타 - 기타,개인형이동수단(PM),남,30세,상해없음,자전거,남,38세,경상
2021012900100077,2021년 1월 29일 08시,금요일,서울특별시 송파구 가락동,,경상사고,0,0,1,0,차대차 - 측면충돌,안전운전불이행,-,맑음,교차로 - 교차로안,개인형이동수단(PM),남,31세,경상,승용,남,42세,상해없음
2021012900100116,2021년 1월 29일 09시,금요일,서울특별시 마포구 동교동,,경상사고,0,0,1,0,차대사람 - 차도통행중,안전운전불이행,-,맑음,교차로 - 교차로안,개인형이동수단(PM),여,29세,상해없음,보행자,여,27세,경상
2021012900100298,2021년 1월 29일 15시,금요일,서울특별시 마포구 합정동,,중상사고,0,1,1,0,차대사람 - 기타,안전운전불이행,-,맑음,교차로 - 교차로부근,개인형이동수단(PM),여,21세,상해없음,보행자,여,26세,경상
2021013000100405,2021년 1월 30일 19시,토요일,서울특별시 송파구 가락동,,경상사고,0,0,1,0,차대차 - 기타,안전운전불이행,-,맑음,단일로 - 기타,개인형이동수단(PM),남,31세,경상,기타불명,기타불명,미분류,기타불명
2021013100100256,2021년 1월 31일 18시,일요일,서울특별시 성동구 사근동,,경상사고,0,0,1,0,차대차 - 기타,안전운전불이행,-,맑음,단일로 - 기타,개인형이동수단(PM),여,23세,경상,승용,남,58세,상해없음
2021020100100284,2021년 2월 1일 17시,월요일,서울특별시 송파구 송파동,,부상신고사고,0,0,0,1,차대사람 - 기타,안전운전불이행,-,맑음,단일로 - 기타,개인형이동수단(PM),남,20세,상해없음,보행자,여,58세,부상신고
2021020200100281,2021년 2월 2일 16시,화요일,서울특별시 마포구 서교동,,부상신고사고,0,0,0,1,차대사람 - 길가장자리구역통행중,안전운전불이행,-,맑음,단일로 - 기타,개인형이동수단(PM),여,31세,기타불명,보행자,여,18세,부상신고
2021020200100378,2021년 2월 2일 19시,화요일,서울특별시 강남구 역삼동,,경상사고,0,0,1,0,차대차 - 기타,안전운전불이행,-,맑음,단일로 - 기타,개인형이동수단(PM),남,27세,상해없음,이륜,남,28세,경상
2021020600100299,2021년 2월 6일 17시,토요일,서울특별시 서대문구 연희동,,부상신고사고,0,0,0,1,차대차 - 측면충돌,신호위반,-,흐림,교차로 - 교차로안,개인형이동수단(PM),남,32세,부상신고,승용,남,46세,상해없음
2021020600100383,2021년 2월 6일 19시,토요일,서울특별시 송파구 거여동,,경상사고,0,0,1,1,차대차 - 측면충돌,안전운전불이행,-,맑음,단일로 - 기타,개인형이동수단(PM),남,24세,부상신고,자전거,여,23세,경상
2021020700100003,2021년 2월 7일 00시,일요일,서울특별시 송파구 잠실동,,부상신고사고,0,0,0,1,차대차 - 측면충돌,직진우회전진행방해,-,맑음,교차로 - 교차로안,개인형이동수단(PM),남,23세,부상신고,승용,남,53세,상해없음
2021020700100303,2021년 2월 7일 19시,일요일,서울특별시 서초구 잠원동,,경상사고,0,0,2,0,차대차 - 기타,안전운전불이행,-,맑음,단일로 - 기타,개인형이동수단(PM),여,19세,경상,승용,여,46세,상해없음
2021020800100339,2021년 2월 8일 15시,월요일,서울특별시 구로구 온수동,,부상신고사고,0,0,0,1,차대차 - 측면충돌,기타,-,맑음,기타 - 기타,개인형이동수단(PM),여,51세,부상신고,승용,남,60세,상해없음
2021021300100241,2021년 2월 13일 18시,토요일,서울특별시 강남구 신사동,,경상사고,0,0,1,0,차대사람 - 길가장자리구역통행중,안전운전불이행,-,맑음,단일로 - 기타,개인형이동수단(PM),남,19세,상해없음,보행자,여,24세,경상
2021021300100358,2021년 2월 13일 22시,토요일,서울특별시 광진구 군자동,,경상사고,0,0,1,0,차대사람 - 보도통행중,기타,-,맑음,단일로 - 기타,개인형이동수단(PM),남,22세,상해없음,보행자,남,4세,경상
2021021400100048,2021년 2월 14일 11시,일요일,서울특별시 서초구 서초동,,경상사고,0,0,1,0,차대차 - 기타,안전운전불이행,-,맑음,단일로 - 기타,개인형이동수단(PM),남,27세,경상,승용,남,41세,상해없음
2021021500100163,2021년 2월 15일 13시,월요일,서울특별시 광진구 구의동,,경상사고,0,0,1,0,차대사람 - 길가장자리구역통행중,안전운전불이행,-,맑음,기타 - 기타,개인형이동수단(PM),남,49세,상해없음,보행자,여,36세,경상
2021021500100192,2021년 2월 15일 14시,월요일,서울특별시 송파구 석촌동,,부상신고사고,0,0,0,1,차대차 - 측면충돌,안전운전불이행,-,맑음,단일로 - 기타,개인형이동수단(PM),남,44세,부상신고,화물,남,44세,상해없음
2021021800100480,2021년 2월 18일 21시,목요일,서울특별시 영등포구 대림동,,부상신고사고,0,0,0,1,차대사람 - 기타,안전운전불이행,-,맑음,교차로 - 교차로안,개인형이동수단(PM),남,19세,상해없음,보행자,여,31세,부상신고
2021021900100205,2021년 2월 19일 12시,금요일,서울특별시 광진구 군자동,,중상사고,0,1,0,0,차량단독 - 전도전복 - 전도,안전운전불이행,-,맑음,단일로 - 기타,개인형이동수단(PM),남,26세,중상,,,,
2021022100100324,2021년 2월 21일 19시,일요일,서울특별시 강남구 논현동,,경상사고,0,0,1,0,차대차 - 기타,안전운전불이행,-,기타,단일로 - 지하차도(도로)내,개인형이동수단(PM),여,48세,경상,승용,남,31세,상해없음
2021022200100112,2021년 2월 22일 09시,월요일,서울특별시 성동구 성수동2가,,경상사고,0,0,1,0,차대차 - 측면충돌,안전운전불이행,-,맑음,교차로 - 교차로안,개인형이동수단(PM),남,19세,상해없음,자전거,남,48세,경상
2021022500100238,2021년 2월 25일 15시,목요일,서울특별시 동대문구 제기동,,부상신고사고,0,0,0,1,차대차 - 기타,안전운전불이행,-,맑음,단일로 - 기타,개인형이동수단(PM),남,57세,부상신고,승용,남,71세,상해없음
2021022500100340,2021년 2월 25일 18시,목요일,서울특별시 동대문구 장안동,,경상사고,0,0,1,0,차대차 - 기타,안전운전불이행,-,맑음,단일로 - 기타,개인형이동수단(PM),남,25세,경상,승합,남,55세,상해없음
2021030200100095,2021년 3월 2일 09시,화요일,서울특별시 강남구 청담동,,경상사고,0,0,1,0,차대사람 - 보도통행중,기타,-,맑음,기타 - 기타,개인형이동수단(PM),여,26세,상해없음,보행자,여,26세,경상
2021030300100117,2021년 3월 3일 09시,수요일,서울특별시 광진구 화양동,,중상사고,0,1,0,0,차대사람 - 기타,안전운전불이행,-,맑음,단일로 - 기타,개인형이동수단(PM),여,23세,상해없음,보행자,남,20세,중상
2021030500100238,2021년 3월 5일 13시,금요일,서울특별시 송파구 방이동,,중상사고,0,1,0,0,차대사람 - 보도통행중,안전운전불이행,-,맑음,단일로 - 기타,개인형이동수단(PM),남,49세,상해없음,보행자,남,18세,중상
2021030800100071,2021년 3월 8일 08시,월요일,서울특별시 광진구 자양동,,경상사고,0,0,1,0,차대사람 - 기타,안전운전불이행,-,맑음,단일로 - 기타,개인형이동수단(PM),남,30세,상해없음,보행자,남,52세,경상
2021030800100136,2021년 3월 8일 09시,월요일,서울특별시 송파구 잠실동,,부상신고사고,0,0,0,1,차대차 - 기타,신호위반,-,맑음,교차로 - 교차로안,개인형이동수단(PM),여,30세,부상신고,승용,남,60세,상해없음
2021030900100399,2021년 3월 9일 19시,화요일,서울특별시 구로구 가리봉동,,부상신고사고,0,0,0,1,차대차 - 기타,중앙선침범,-,맑음,교차로 - 교차로안,개인형이동수단(PM),남,31세,부상신고,승용,남,54세,기타불명
2021031000100496,2021년 3월 10일 20시,수요일,서울특별시 중랑구 묵동,,경상사고,0,0,1,0,차대차 - 측면충돌,안전운전불이행,-,맑음,교차로 - 교차로안,개인형이동수단(PM),남,44세,경상,화물,남,45세,상해없음
2021031100100022,2021년 3월 11일 03시,목요일,서울특별시 송파구 석촌동,,중상사고,0,1,0,0,차량단독 - 기타,안전운전불이행,-,맑음,단일로 - 기타,개인형이동수단(PM),여,28세,중상,,,,
2021031100100340,2021년 3월 11일 17시,목요일,서울특별시 강남구 논현동,,중상사고,0,1,0,0,차대차 - 기타,안전운전불이행,-,맑음,단일로 - 기타,개인형이동수단(PM),여,29세,중상,승용,남,23세,상해없음
2021031100100544,2021년 3월 11일 23시,목요일,서울특별시 중구 흥인동,,중상사고,0,1,0,0,차대사람 - 횡단중,신호위반,-,맑음,교차로 - 교차로횡단보도내,개인형이동수단(PM),남,33세,상해없음,보행자,여,54세,중상
2021031100100546,2021년 3월 11일 23시,목요일,서울특별시 강남구 논현동,,중상사고,0,1,0,0,차대차 - 측면충돌,기타,-,맑음,교차로 - 교차로안,개인형이동수단(PM),남,25세,중상,승합,남,33세,상해없음
2021031300100292,2021년 3월 13일 15시,토요일,서울특별시 마포구 서교동,,경상사고,0,0,1,0,차대사람 - 차도통행중,안전운전불이행,-,맑음,단일로 - 기타,개인형이동수단(PM),남,23세,상해없음,보행자,여,32세,경상
2021031300100393,2021년 3월 13일 18시,토요일,서울특별시 서초구 잠원동,,중상사고,0,1,0,0,차대사람 - 기타,안전운전불이행,-,맑음,교차로 - 교차로부근,개인형이동수단(PM),남,19세,상해없음,보행자,여,62세,중상
2021031300100502,2021년 3월 13일 22시,토요일,서울특별시 마포구 상수동,,경상사고,0,0,1,0,차대사람 - 횡단중,안전운전불이행,-,맑음,교차로 - 교차로부근,개인형이동수단(PM),남,19세,상해없음,보행자,남,28세,경상
2021031400100378,2021년 3월 14일 22시,일요일,서울특별시 마포구 서교동,,경상사고,0,0,1,0,차대차 - 정면충돌,안전운전불이행,-,흐림,교차로 - 교차로부근,개인형이동수단(PM),여,32세,경상,이륜,남,53세,상해없음
2021031500100360,2021년 3월 15일 17시,월요일,서울특별시 노원구 상계동,,경상사고,0,0,2,0,차대차 - 측면충돌,안전운전불이행,-,맑음,교차로 - 교차로부근,개인형이동수단(PM),남,31세,경상,승용,여,54세,경상
2021031900100352,2021년 3월 19일 16시,금요일,서울특별시 강동구 암사동,,경상사고,0,0,1,0,차대사람 - 기타,기타,-,맑음,단일로 - 기타,개인형이동수단(PM),여,15세,기타불명,보행자,여,70세,경상
2021032000100020,2021년 3월 20일 02시,토요일,서울특별시 강남구 청담동,,경상사고,0,0,1,0,차량단독 - 기타,신호위반,-,맑음,단일로 - 기타,개인형이동수단(PM),남,40세,경상,,,,
2021032200100007,2021년 3월 22일 02시,월요일,서울특별시 동작구 대방동,,부상신고사고,0,0,0,1,차대차 - 기타,기타,-,맑음,교차로 - 교차로횡단보도내,개인형이동수단(PM),남,33세,부상신고,승용,남,65세,상해없음
2021032300100122,2021년 3월 23일 10시,화요일,서울특별시 송파구 마천동,,중상사고,0,1,0,0,차대사람 - 길가장자리구역통행중,안전운전불이행,-,맑음,단일로 - 기타,개인형이동수단(PM),여,51세,상해없음,보행자,남,43세,중상
2021032300100181,2021년 3월 23일 12시,화요일,서울특별시 송파구 석촌동,,경상사고,0,0,1,0,차대차 - 측면충돌,교차로운행방법위반,-,맑음,교차로 - 교차로안,개인형이동수단(PM),남,19세,경상,승용,남,49세,상해없음
2021032300100212,2021년 3월 23일 13시,화요일,서울특별시 강남구 대치동,,경상사고,0,0,1,0,차대차 - 측면충돌,안전운전불이행,-,맑음,교차로 - 교차로부근,개인형이동수단(PM),남,24세,상해없음,이륜,남,26세,경상
2021032400100455,2021년 3월 24일 19시,수요일,서울특별시 송파구 방이동,,경상사고,0,0,1,0,차대차 - 기타,안전운전불이행,-,맑음,교차로 - 교차로부근,개인형이동수단(PM),여,25세,상해없음,자전거,남,38세,경상
2021032400100536,2021년 3월 24일 22시,수요일,서울특별시 강서구 내발산동,,경상사고,0,0,1,0,차대사람 - 보도통행중,기타,-,맑음,기타 - 기타,개인형이동수단(PM),남,28세,기타불명,보행자,여,60세,경상
2021032500100227,2021년 3월 25일 13시,목요일,서울특별시 양천구 신월동,,경상사고,0,0,1,0,차대사람 - 기타,안전운전불이행,-,맑음,교차로 - 교차로안,개인형이동수단(PM),남,22세,상해없음,보행자,남,80세,경상
2021032500100578,2021년 3월 25일 22시,목요일,서울특별시 송파구 송파동,,중상사고,0,1,0,0,차대차 - 정면충돌,중앙선침범,-,맑음,단일로 - 기타,개인형이동수단(PM),여,19세,상해없음,자전거,남,37세,중상
2021032600100069,2021년 3월 26일 08시,금요일,서울특별시 서초구 잠원동,,중상사고,0,1,0,1,차대사람 - 차도통행중,안전운전불이행,-,맑음,단일로 - 기타,개인형이동수단(PM),남,36세,부상신고,보행자,여,51세,중상
2021032600100540,2021년 3월 26일 20시,금요일,서울특별시 중랑구 중화동,,부상신고사고,0,0,0,1,차대차 - 기타,안전운전불이행,-,맑음,교차로 - 교차로횡단보도내,개인형이동수단(PM),남,27세,부상신고,승용,남,72세,상해없음
2021032800100416,2021년 3월 28일 22시,일요일,서울특별시 서초구 방배동,,중상사고,0,1,0,1,차대차 - 측면충돌,안전운전불이행,-,비,단일로 - 기타,개인형이동수단(PM),여,16세,중상,승용,남,34세,상해없음
2021032900100281,2021년 3월 29일 13시,월요일,서울특별시 노원구 상계동,,경상사고,0,0,2,0,차대차 - 정면충돌,안전운전불이행,-,맑음,단일로 - 기타,개인형이동수단(PM),여,19세,경상,자전거,남,35세,경상
2021032900100344,2021년 3월 29일 15시,월요일,서울특별시 서초구 서초동,,부상신고사고,0,0,0,1,차대차 - 측면충돌,신호위반,-,맑음,교차로 - 교차로안,개인형이동수단(PM),남,16세,부상신고,승용,여,39세,상해없음
2021032900100490,2021년 3월 29일 19시,월요일,서울특별시 강남구 신사동,,경상사고,0,0,1,0,차대사람 - 기타,기타,-,맑음,기타 - 기타,개인형이동수단(PM),남,13세,상해없음,보행자,여,40세,경상
2021032900100514,2021년 3월 29일 20시,월요일,서울특별시 영등포구 당산동3가,,경상사고,0,0,1,0,차대차 - 기타,신호위반,-,맑음,단일로 - 기타,개인형이동수단(PM),남,41세,경상,이륜,남,44세,상해없음
2021033000100618,2021년 3월 30일 23시,화요일,서울특별시 서대문구 창천동,,경상사고,0,0,1,0,차대사람 - 기타,안전운전불이행,-,맑음,교차로 - 교차로안,개인형이동수단(PM),남,20세,기타불명,보행자,여,20세,경상
2021033000100620,2021년 3월 30일 23시,화요일,서울특별시 서초구 서초동,,중상사고,0,1,1,0,차대차 - 기타,불법유턴,-,맑음,교차로 - 교차로횡단보도내,개인형이동수단(PM),남,36세,중상,승용,남,37세,상해없음
2021040100100020,2021년 4월 1일 02시,목요일,서울특별시 용산구 이촌동,,경상사고,0,0,1,0,차대차 - 기타,안전운전불이행,-,맑음,기타 - 기타,개인형이동수단(PM),남,39세,기타불명,자전거,남,34세,경상
2021040100100074,2021년 4월 1일 08시,목요일,서울특별시 영등포구 양평동1가,,경상사고,0,0,1,0,차대사람 - 보도통행중,기타,-,맑음,기타 - 기타,개인형이동수단(PM),남,26세,상해없음,보행자,여,36세,경상
2021040100100367,2021년 4월 1일 16시,목요일,서울특별시 서대문구 연희동,,부상신고사고,0,0,0,1,차대사람 - 기타,안전운전불이행,-,맑음,단일로 - 기타,개인형이동수단(PM),여,19세,상해없음,보행자,여,52세,부상신고
2021040100100406,2021년 4월 1일 17시,목요일,서울특별시 광진구 군자동,,경상사고,0,0,2,0,차대사람 - 기타,보행자보호의무위반,-,맑음,단일로 - 기타,개인형이동수단(PM),남,28세,상해없음,보행자,여,26세,경상
2021040400100205,2021년 4월 4일 15시,일요일,서울특별시 강북구 번동,,경상사고,0,0,1,0,차대사람 - 횡단중,안전운전불이행,-,맑음,단일로 - 기타,개인형이동수단(PM),남,26세,상해없음,보행자,여,62세,경상
2021040500100304,2021년 4월 5일 14시,월요일,서울특별시 강남구 논현동,,경상사고,0,0,1,0,차대사람 - 기타,안전운전불이행,-,맑음,단일로 - 기타,개인형이동수단(PM),남,14세,상해없음,보행자,여,53세,경상
2021040500100643,2021년 4월 5일 22시,월요일,서울특별시 강남구 삼성동,,경상사고,0,0,1,0,차대사람 - 기타,안전운전불이행,-,맑음,단일로 - 기타,개인형이동수단(PM),남,20세,상해없음,보행자,남,38세,경상
2021040600100191,2021년 4월 6일 12시,화요일,서울특별시 동작구 상도1동,,중상사고,0,1,0,0,차대차 - 측면충돌,안전운전불이행,-,맑음,교차로 - 교차로횡단보도내,개인형이동수단(PM),남,20세,중상,승용,남,68세,상해없음
2021040600100286,2021년 4월 6일 15시,화요일,서울특별시 강북구 번동,,중상사고,0,1,0,0,차대사람 - 기타,안전운전불이행,-,맑음,단일로 - 기타,개인형이동수단(PM),남,24세,상해없음,보행자,여,61세,중상
2021040800100296,2021년 4월 8일 14시,목요일,서울특별시 도봉구 창동,,부상신고사고,0,0,0,1,차대차 - 측면충돌,신호위반,-,맑음,교차로 - 교차로안,개인형이동수단(PM),여,19세,부상신고,승용,남,67세,상해없음
2021040900100075,2021년 4월 9일 08시,금요일,서울특별시 은평구 갈현동,,경상사고,0,0,1,0,차대차 - 측면충돌,중앙선침범,-,맑음,교차로 - 교차로안,개인형이동수단(PM),여,27세,경상,승용,남,30세,상해없음
2021040900100359,2021년 4월 9일 16시,금요일,서울특별시 관악구 봉천동,,경상사고,0,0,1,0,차대사람 - 기타,안전운전불이행,-,맑음,단일로 - 기타,개인형이동수단(PM),남,17세,상해없음,보행자,여,26세,경상
2021040900100549,2021년 4월 9일 20시,금요일,서울특별시 강남구 삼성동,,경상사고,0,0,1,0,차대사람 - 횡단중,신호위반,-,맑음,단일로 - 기타,개인형이동수단(PM),남,35세,상해없음,보행자,남,34세,경상
2021040900100550,2021년 4월 9일 20시,금요일,서울특별시 강남구 삼성동,,중상사고,0,1,0,0,차대차 - 기타,안전운전불이행,-,기타,교차로 - 교차로부근,개인형이동수단(PM),남,40세,중상,승용,남,50세,상해없음
2021040900100612,2021년 4월 9일 22시,금요일,서울특별시 송파구 석촌동,,중상사고,0,1,0,1,차대차 - 측면충돌,안전운전불이행,-,맑음,단일로 - 기타,개인형이동수단(PM),여,20세,부상신고,이륜,남,48세,중상
2021041000100192,2021년 4월 10일 12시,토요일,서울특별시 중랑구 망우동,,경상사고,0,0,1,0,차대사람 - 기타,안전운전불이행,-,맑음,교차로 - 교차로안,개인형이동수단(PM),남,32세,상해없음,보행자,여,21세,경상
2021041300100234,2021년 4월 13일 13시,화요일,서울특별시 강서구 마곡동,,경상사고,0,0,1,0,차대차 - 기타,신호위반,-,맑음,교차로 - 교차로안,개인형이동수단(PM),남,38세,경상,승용,남,31세,상해없음
2021041300100395,2021년 4월 13일 17시,화요일,서울특별시 동작구 대방동,,경상사고,0,0,1,0,차대차 - 기타,기타,-,맑음,교차로 - 교차로부근,개인형이동수단(PM),남,19세,경상,이륜,남,39세,상해없음
2021041300100399,2021년 4월 13일 17시,화요일,서울특별시 송파구 가락동,,경상사고,0,0,1,0,차대차 - 기타,신호위반,-,맑음,교차로 - 교차로안,개인형이동수단(PM),남,19세,경상,승용,남,38세,상해없음
2021041300100491,2021년 4월 13일 19시,화요일,서울특별시 성북구 동선동4가,,부상신고사고,0,0,0,1,차대사람 - 보도통행중,기타,-,맑음,기타 - 기타,개인형이동수단(PM),기타불명,미분류,기타불명,보행자,여,17세,부상신고
2021041300100590,2021년 4월 13일 22시,화요일,서울특별시 강남구 역삼동,,경상사고,0,0,1,0,차대사람 - 기타,안전운전불이행,-,맑음,단일로 - 기타,개인형이동수단(PM),여,19세,상해없음,보행자,여,17세,경상
2021041500100135,2021년 4월 15일 10시,목요일,서울특별시 성동구 성수동1가,,경상사고,0,0,2,0,차대차 - 기타,안전운전불이행,-,맑음,교차로 - 교차로횡단보도내,개인형이동수단(PM),여,36세,경상,자전거,여,73세,경상
2021041500100517,2021년 4월 15일 20시,목요일,서울특별시 마포구 동교동,,중상사고,0,1,0,0,차대차 - 측면충돌,불법유턴,-,맑음,단일로 - 기타,개인형이동수단(PM),여,38세,중상,승용,남,63세,상해없음
2021041600100039,2021년 4월 16일 06시,금요일,서울특별시 송파구 잠실동,,부상신고사고,0,0,0,1,차대차 - 측면충돌,안전운전불이행,-,맑음,기타 - 기타,개인형이동수단(PM),여,20세,부상신고,승용,여,37세,상해없음
2021041600100314,2021년 4월 16일 16시,금요일,서울특별시 강남구 역삼동,,부상신고사고,0,0,0,1,차량단독 - 전도전복 - 전도,안전운전불이행,-,맑음,단일로 - 기타,개인형이동수단(PM),남,29세,부상신고,,,,
2021041600100541,2021년 4월 16일 22시,금요일,서울특별시 서초구 잠원동,,중상사고,0,1,0,0,차대차 - 측면충돌,불법유턴,-,맑음,교차로 - 교차로안,개인형이동수단(PM),남,47세,중상,승용,여,64세,상해없음
2021041600100582,2021년 4월 16일 23시,금요일,서울특별시 서초구 반포동,,중상사고,0,1,1,1,차대차 - 측면충돌,직진우회전진행방해,-,맑음,교차로 - 교차로안,개인형이동수단(PM),남,56세,부상신고,승용,남,57세,상해없음
2021041700100231,2021년 4월 17일 13시,토요일,서울특별시 성북구 상월곡동,,중상사고,0,1,0,0,차대사람 - 보도통행중,기타,-,맑음,단일로 - 기타,개인형이동수단(PM),남,24세,상해없음,보행자,남,29세,중상
2021041700100562,2021년 4월 17일 22시,토요일,서울특별시 영등포구 양평동1가,,경상사고,0,0,1,0,차대차 - 정면충돌,중앙선침범,-,맑음,단일로 - 기타,개인형이동수단(PM),남,16세,경상,승용,남,38세,상해없음
2021041900100160,2021년 4월 19일 10시,월요일,서울특별시 강동구 천호동,,경상사고,0,0,1,0,차대차 - 측면충돌,안전운전불이행,-,맑음,단일로 - 기타,개인형이동수단(PM),남,31세,상해없음,자전거,여,31세,경상
2021042000100002,2021년 4월 20일 00시,화요일,서울특별시 강동구 고덕동,,중상사고,0,1,0,0,차량단독 - 기타,안전운전불이행,-,맑음,교차로 - 교차로횡단보도내,개인형이동수단(PM),남,48세,중상,,,,
2021042100100359,2021년 4월 21일 16시,수요일,서울특별시 강남구 삼성동,,경상사고,0,0,1,0,차대사람 - 차도통행중,안전운전불이행,-,맑음,단일로 - 기타,개인형이동수단(PM),남,23세,상해없음,보행자,남,63세,경상
2021042100100542,2021년 4월 21일 20시,수요일,서울특별시 관악구 신림동,,경상사고,0,0,1,0,차대차 - 측면충돌,안전운전불이행,-,맑음,교차로 - 교차로부근,개인형이동수단(PM),남,34세,경상,화물,남,41세,상해없음
2021042100100575,2021년 4월 21일 21시,수요일,서울특별시 강북구 번동,,경상사고,0,0,1,0,차대사람 - 기타,안전운전불이행,-,맑음,기타 - 기타,개인형이동수단(PM),남,12세,상해없음,보행자,여,31세,경상
2021042100100618,2021년 4월 21일 23시,수요일,서울특별시 강북구 미아동,,경상사고,0,0,1,0,차대사람 - 기타,안전운전불이행,-,맑음,교차로 - 교차로부근,개인형이동수단(PM),남,22세,상해없음,보행자,남,27세,경상
2021042200100349,2021년 4월 22일 16시,목요일,서울특별시 서초구 방배동,,경상사고,0,0,1,0,차대차 - 추돌,안전운전불이행,-,맑음,기타 - 기타,개인형이동수단(PM),남,22세,경상,화물,남,34세,상해없음
2021042200100554,2021년 4월 22일 22시,목요일,서울특별시 마포구 서교동,,경상사고,0,0,1,0,차대차 - 정면충돌,안전운전불이행,-,맑음,기타 - 기타,개인형이동수단(PM),남,27세,상해없음,이륜,남,35세,경상
2021042300100423,2021년 4월 23일 17시,금요일,서울특별시 강서구 화곡동,,경상사고,0,0,1,0,차대사람 - 길가장자리구역통행중,안전운전불이행,-,맑음,단일로 - 기타,개인형이동수단(PM),기타불명,미분류,기타불명,보행자,여,25세,경상
2021042300100458,2021년 4월 23일 18시,금요일,서울특별시 강남구 역삼동,,경상사고,0,0,1,0,차대차 - 기타,안전운전불이행,-,맑음,기타 - 기타,개인형이동수단(PM),남,22세,상해없음,자전거,남,34세,경상
2021042400100036,2021년 4월 24일 03시,토요일,서울특별시 강남구 논현동,,부상신고사고,0,0,0,1,차량단독 - 전도전복 - 전도,기타,-,흐림,단일로 - 기타,개인형이동수단(PM),남,30세,부상신고,,,,
2021042400100092,2021년 4월 24일 09시,토요일,서울특별시 송파구 방이동,,중상사고,0,1,0,0,차대사람 - 보도통행중,기타,-,맑음,단일로 - 기타,개인형이동수단(PM),여,38세,상해없음,보행자,남,34세,중상
2021042400100272,2021년 4월 24일 14시,토요일,서울특별시 강남구 역삼동,,경상사고,0,0,1,0,차대차 - 기타,안전운전불이행,-,맑음,단일로 - 기타,개인형이동수단(PM),남,33세,상해없음,이륜,남,20세,경상
2021042400100348,2021년 4월 24일 16시,토요일,서울특별시 성북구 삼선동4가,,경상사고,0,0,1,0,차대사람 - 기타,안전운전불이행,-,맑음,단일로 - 기타,개인형이동수단(PM),남,18세,상해없음,보행자,남,28세,경상
2021042400100467,2021년 4월 24일 19시,토요일,서울특별시 마포구 대흥동,,경상사고,0,0,1,0,차대사람 - 기타,안전운전불이행,-,맑음,교차로 - 교차로안,개인형이동수단(PM),남,15세,상해없음,보행자,여,66세,경상
2021042400100552,2021년 4월 24일 21시,토요일,서울특별시 강남구 역삼동,,경상사고,0,0,2,0,차대사람 - 기타,안전운전불이행,-,맑음,단일로 - 기타,개인형이동수단(PM),남,42세,기타불명,보행자,여,22세,경상
2021042500100002,2021년 4월 25일 00시,일요일,서울특별시 송파구 잠실동,,부상신고사고,0,0,0,1,차대차 - 기타,신호위반,-,맑음,교차로 - 교차로안,개인형이동수단(PM),여,18세,상해없음,자전거,여,54세,부상신고
2021042500100470,2021년 4월 25일 22시,일요일,서울특별시 강남구 논현동,,경상사고,0,0,2,0,차대차 - 기타,안전운전불이행,-,맑음,교차로 - 교차로안,개인형이동수단(PM),여,25세,경상,승용,남,36세,경상
2021042700100403,2021년 4월 27일 18시,화요일,서울특별시 용산구 한강로1가,,부상신고사고,0,0,0,1,차대차 - 기타,중앙선침범,-,맑음,교차로 - 교차로부근,개인형이동수단(PM),남,33세,부상신고,승용,남,43세,상해없음
2021042700100488,2021년 4월 27일 20시,화요일,서울특별시 마포구 서교동,,경상사고,0,0,1,0,차대차 - 측면충돌,안전운전불이행,-,맑음,단일로 - 기타,개인형이동수단(PM),남,36세,상해없음,자전거,여,42세,경상
2021042800100073,2021년 4월 28일 08시,수요일,서울특별시 성동구 용답동,,경상사고,0,0,1,0,차대사람 - 기타,안전운전불이행,-,맑음,기타 - 기타,개인형이동수단(PM),여,40세,상해없음,보행자,남,21세,경상
2021042900100005,2021년 4월 29일 00시,목요일,서울특별시 은평구 진관동,,중상사고,0,1,0,0,차대사람 - 기타,안전운전불이행,-,맑음,기타 - 기타,개인형이동수단(PM),남,31세,상해없음,보행자,여,51세,중상
2021042900100160,2021년 4월 29일 11시,목요일,서울특별시 중구 회현동1가,,부상신고사고,0,0,0,1,차대차 - 기타,안전운전불이행,-,맑음,교차로 - 교차로횡단보도내,개인형이동수단(PM),남,29세,부상신고,승용,여,67세,상해없음
2021042900100497,2021년 4월 29일 19시,목요일,서울특별시 동대문구 회기동,,경상사고,0,0,1,0,차대사람 - 횡단중,신호위반,-,맑음,교차로 - 교차로안,개인형이동수단(PM),남,27세,상해없음,보행자,여,54세,경상
2021043000100681,2021년 4월 30일 23시,금요일,서울특별시 마포구 공덕동,,중상사고,0,1,0,0,차대사람 - 기타,안전운전불이행,-,맑음,단일로 - 기타,개인형이동수단(PM),남,25세,상해없음,보행자,남,36세,중상
2021050200100214,2021년 5월 2일 14시,일요일,서울특별시 마포구 합정동,,부상신고사고,0,0,0,1,차대사람 - 보도통행중,안전운전불이행,-,맑음,기타 - 기타,개인형이동수단(PM),여,20세,상해없음,보행자,여,24세,부상신고
2021050300100562,2021년 5월 3일 20시,월요일,서울특별시 구로구 구로동,,경상사고,0,0,1,0,차대차 - 기타,안전운전불이행,-,맑음,교차로 - 교차로안,개인형이동수단(PM),남,47세,경상,승용,남,46세,상해없음
2021050300100592,2021년 5월 3일 21시,월요일,서울특별시 강남구 역삼동,,부상신고사고,0,0,0,1,차대차 - 기타,안전운전불이행,-,맑음,교차로 - 교차로횡단보도내,개인형이동수단(PM),여,27세,부상신고,승용,남,61세,상해없음
2021050300100619,2021년 5월 3일 22시,월요일,서울특별시 동대문구 장안동,,중상사고,0,2,0,0,차대사람 - 기타,안전운전불이행,-,맑음,단일로 - 기타,개인형이동수단(PM),남,38세,중상,보행자,여,25세,중상
2021050400100098,2021년 5월 4일 09시,화요일,서울특별시 동대문구 전농동,,경상사고,0,0,1,0,차대사람 - 횡단중,안전운전불이행,-,비,단일로 - 기타,개인형이동수단(PM),남,20세,상해없음,보행자,여,5세,경상
2021050400100637,2021년 5월 4일 22시,화요일,서울특별시 강남구 청담동,,경상사고,0,0,1,0,차대차 - 기타,안전운전불이행,-,비,교차로 - 교차로부근,개인형이동수단(PM),남,29세,경상,승용,남,33세,상해없음
2021050500100101,2021년 5월 5일 10시,수요일,서울특별시 서대문구 연희동,,부상신고사고,0,0,0,1,차대차 - 측면충돌,안전운전불이행,-,맑음,단일로 - 기타,개인형이동수단(PM),남,25세,부상신고,승용,남,33세,상해없음
2021050600100398,2021년 5월 6일 18시,목요일,서울특별시 성동구 하왕십리동,,경상사고,0,0,1,0,차대사람 - 보도통행중,기타,-,맑음,기타 - 기타,개인형이동수단(PM),남,18세,상해없음,보행자,여,82세,경상
2021050600100508,2021년 5월 6일 21시,목요일,서울특별시 강서구 방화동,,경상사고,0,0,1,0,차대사람 - 횡단중,신호위반,-,맑음,교차로 - 교차로횡단보도내,개인형이동수단(PM),남,17세,상해없음,보행자,여,65세,경상
2021050600100537,2021년 5월 6일 22시,목요일,서울특별시 강서구 등촌동,,경상사고,0,0,1,0,차대사람 - 기타,안전운전불이행,-,흐림,단일로 - 기타,개인형이동수단(PM),여,27세,상해없음,보행자,여,63세,경상
2021050700100309,2021년 5월 7일 15시,금요일,서울특별시 강서구 화곡동,,경상사고,0,0,1,0,차대차 - 기타,안전운전불이행,-,맑음,단일로 - 기타,개인형이동수단(PM),남,58세,경상,승용,남,31세,상해없음
2021050700100583,2021년 5월 7일 22시,금요일,서울특별시 강북구 수유동,,경상사고,0,0,1,0,차대사람 - 기타,안전운전불이행,-,맑음,교차로 - 교차로부근,개인형이동수단(PM),남,26세,기타불명,보행자,남,60세,경상
2021050900100255,2021년 5월 9일 15시,일요일,서울특별시 영등포구 양평동3가,,경상사고,0,0,1,0,차대사람 - 기타,기타,-,맑음,단일로 - 기타,개인형이동수단(PM),여,25세,상해없음,보행자,여,33세,경상
2021050900100333,2021년 5월 9일 17시,일요일,서울특별시 은평구 증산동,,경상사고,0,0,1,0,차대사람 - 기타,안전운전불이행,-,맑음,교차로 - 교차로부근,개인형이동수단(PM),남,49세,상해없음,보행자,여,88세,경상
2021050900100376,2021년 5월 9일 18시,일요일,서울특별시 서대문구 연희동,,경상사고,0,0,1,0,차대차 - 측면충돌,불법유턴,-,맑음,교차로 - 교차로부근,개인형이동수단(PM),여,21세,경상,승용,여,52세,상해없음
2021051200100042,2021년 5월 12일 07시,수요일,서울특별시 강남구 청담동,,중상사고,0,1,0,0,차대사람 - 보도통행중,기타,-,맑음,기타 - 기타,개인형이동수단(PM),여,28세,상해없음,보행자,여,79세,중상
2021051200100406,2021년 5월 12일 17시,수요일,서울특별시 도봉구 창동,,경상사고,0,0,1,0,차대차 - 추돌,안전운전불이행,-,맑음,기타 - 기타,개인형이동수단(PM),남,40세,상해없음,자전거,남,23세,경상
2021051200100457,2021년 5월 12일 18시,수요일,서울특별시 중랑구 신내동,,부상신고사고,0,0,0,1,차대차 - 측면충돌,안전운전불이행,-,맑음,단일로 - 기타,개인형이동수단(PM),남,26세,부상신고,승용,남,36세,상해없음
2021051200100579,2021년 5월 12일 22시,수요일,서울특별시 동작구 대방동,,부상신고사고,0,0,0,1,차대사람 - 보도통행중,기타,-,맑음,단일로 - 기타,개인형이동수단(PM),남,22세,상해없음,보행자,남,37세,부상신고
2021051200100581,2021년 5월 12일 22시,수요일,서울특별시 강남구 신사동,,부상신고사고,0,0,0,1,차대차 - 기타,직진우회전진행방해,-,맑음,교차로 - 교차로안,개인형이동수단(PM),남,28세,부상신고,승용,여,40세,상해없음
2021051300100243,2021년 5월 13일 13시,목요일,서울특별시 서대문구 홍제동,,부상신고사고,0,0,0,1,차대차 - 기타,신호위반,-,맑음,교차로 - 교차로안,개인형이동수단(PM),남,36세,부상신고,이륜,남,28세,상해없음
2021051400100519,2021년 5월 14일 18시,금요일,서울특별시 마포구 서교동,,경상사고,0,0,1,0,차대사람 - 기타,안전운전불이행,-,맑음,단일로 - 기타,개인형이동수단(PM),남,28세,상해없음,보행자,여,42세,경상
2021051400100607,2021년 5월 14일 20시,금요일,서울특별시 광진구 중곡동,,경상사고,0,0,1,0,차대사람 - 기타,안전운전불이행,-,맑음,단일로 - 기타,개인형이동수단(PM),남,18세,상해없음,보행자,여,4세,경상
2021051500100129,2021년 5월 15일 10시,토요일,서울특별시 구로구 오류동,,부상신고사고,0,0,0,1,차대차 - 기타,안전운전불이행,-,맑음,단일로 - 기타,개인형이동수단(PM),남,37세,부상신고,화물,남,49세,상해없음
2021051700100374,2021년 5월 17일 18시,월요일,서울특별시 강북구 미아동,,경상사고,0,0,1,0,차대차 - 기타,신호위반,-,맑음,교차로 - 교차로안,개인형이동수단(PM),남,20세,상해없음,이륜,남,28세,경상
2021051900100001,2021년 5월 19일 00시,수요일,서울특별시 광진구 군자동,,부상신고사고,0,0,0,1,차대차 - 측면충돌,안전운전불이행,-,맑음,교차로 - 교차로안,개인형이동수단(PM),남,31세,부상신고,승용,남,58세,상해없음
2021051900100032,2021년 5월 19일 03시,수요일,서울특별시 강남구 역삼동,,중상사고,0,1,0,0,차대사람 - 기타,안전운전불이행,-,맑음,단일로 - 기타,개인형이동수단(PM),남,33세,상해없음,보행자,여,40세,중상
2021051900100070,2021년 5월 19일 08시,수요일,서울특별시 강서구 화곡동,,경상사고,0,0,1,0,차대차 - 기타,교차로운행방법위반,-,맑음,교차로 - 교차로안,개인형이동수단(PM),여,32세,경상,화물,남,38세,상해없음
2021051900100531,2021년 5월 19일 23시,수요일,서울특별시 송파구 방이동,,경상사고,0,0,1,1,차대차 - 측면충돌,안전운전불이행,-,맑음,단일로 - 기타,개인형이동수단(PM),남,20세,부상신고,원동기,남,48세,경상
2021052000100367,2021년 5월 20일 18시,목요일,서울특별시 마포구 성산동,,경상사고,0,0,1,1,차대차 - 기타,안전운전불이행,-,맑음,교차로 - 교차로부근,개인형이동수단(PM),남,34세,경상,승용,남,34세,부상신고
2021052100100339,2021년 5월 21일 16시,금요일,서울특별시 은평구 수색동,,경상사고,0,0,1,0,차대차 - 기타,안전운전불이행,-,맑음,교차로 - 교차로안,개인형이동수단(PM),남,81세,경상,승용,남,37세,상해없음
2021052100100586,2021년 5월 21일 23시,금요일,서울특별시 강남구 삼성동,,경상사고,0,0,2,0,차대차 - 기타,기타,-,맑음,단일로 - 기타,개인형이동수단(PM),남,31세,경상,개인형이동수단(PM),여,15세,경상
2021052200100267,2021년 5월 22일 14시,토요일,서울특별시 구로구 신도림동,,부상신고사고,0,0,0,1,차대차 - 측면충돌,안전운전불이행,-,맑음,교차로 - 교차로횡단보도내,개인형이동수단(PM),남,77세,부상신고,승용,남,61세,상해없음
2021052300100317,2021년 5월 23일 19시,일요일,서울특별시 중구 남대문로3가,,부상신고사고,0,0,0,2,차대차 - 측면충돌,안전운전불이행,-,흐림,교차로 - 교차로부근,개인형이동수단(PM),남,29세,부상신고,화물,여,74세,상해없음
2021052400100227,2021년 5월 24일 13시,월요일,서울특별시 은평구 불광동,,부상신고사고,0,0,0,1,차대차 - 측면충돌,중앙선침범,-,맑음,교차로 - 교차로부근,개인형이동수단(PM),남,65세,부상신고,승합,남,44세,상해없음
2021052500100317,2021년 5월 25일 15시,화요일,서울특별시 강남구 개포동,,경상사고,0,0,1,0,차대차 - 기타,안전운전불이행,-,맑음,단일로 - 기타,개인형이동수단(PM),남,31세,경상,승용,남,61세,상해없음
2021052500100403,2021년 5월 25일 17시,화요일,서울특별시 강북구 번동,,경상사고,0,0,1,0,차대차 - 측면충돌,안전운전불이행,-,맑음,교차로 - 교차로부근,개인형이동수단(PM),남,40세,경상,승용,여,52세,상해없음
2021052700100148,2021년 5월 27일 10시,목요일,서울특별시 강남구 삼성동,,경상사고,0,0,1,0,차대차 - 기타,안전운전불이행,-,맑음,단일로 - 기타,개인형이동수단(PM),여,32세,경상,승용,여,42세,상해없음
2021052700100528,2021년 5월 27일 21시,목요일,서울특별시 서초구 방배동,,경상사고,0,0,1,0,차대사람 - 보도통행중,안전운전불이행,-,맑음,기타 - 기타,개인형이동수단(PM),남,29세,상해없음,보행자,남,60세,경상
2021052800100591,2021년 5월 28일 22시,금요일,서울특별시 서초구 서초동,,중상사고,0,1,0,0,차대사람 - 기타,신호위반,-,맑음,단일로 - 기타,개인형이동수단(PM),남,25세,상해없음,보행자,남,63세,중상
2021053100100126,2021년 5월 31일 10시,월요일,서울특별시 중랑구 면목동,,경상사고,0,0,1,0,차대차 - 측면충돌,기타,-,흐림,기타 - 기타,개인형이동수단(PM),남,24세,상해없음,자전거,남,50세,경상
2021053100100127,2021년 5월 31일 10시,월요일,서울특별시 강남구 논현동,,경상사고,0,0,1,0,차대차 - 측면충돌,기타,-,맑음,교차로 - 교차로안,개인형이동수단(PM),남,30세,경상,승용,여,39세,상해없음
2021053100100536,2021년 5월 31일 23시,월요일,서울특별시 강남구 논현동,,경상사고,0,0,1,0,차대차 - 측면충돌,기타,-,흐림,교차로 - 교차로안,개인형이동수단(PM),남,26세,경상,승용,남,57세,상해없음
2021060200100107,2021년 6월 2일 09시,수요일,서울특별시 성동구 성수동1가,,경상사고,0,0,1,0,차대차 - 측면충돌,안전운전불이행,-,맑음,단일로 - 기타,개인형이동수단(PM),여,29세,상해없음,자전거,여,39세,경상
2021060300100142,2021년 6월 3일 10시,목요일,서울특별시 강남구 역삼동,,경상사고,0,0,1,0,차대차 - 측면충돌,안전운전불이행,-,맑음,단일로 - 기타,개인형이동수단(PM),남,51세,경상,승용,남,52세,상해없음
2021060400100339,2021년 6월 4일 15시,금요일,서울특별시 강남구 신사동,,중상사고,0,1,0,0,차대사람 - 횡단중,안전운전불이행,-,맑음,단일로 - 기타,개인형이동수단(PM),남,15세,상해없음,보행자,여,38세,중상
2021060400100431,2021년 6월 4일 17시,금요일,서울특별시 송파구 석촌동,,중상사고,0,1,0,0,차대차 - 추돌,안전운전불이행,-,맑음,교차로 - 교차로안,개인형이동수단(PM),남,34세,중상,승용,남,76세,상해없음
2021060400100639,2021년 6월 4일 22시,금요일,서울특별시 은평구 응암동,,중상사고,0,1,0,0,차대사람 - 횡단중,신호위반,-,맑음,교차로 - 교차로안,개인형이동수단(PM),남,46세,상해없음,보행자,여,55세,중상
2021060500100002,2021년 6월 5일 00시,토요일,서울특별시 노원구 중계동,,경상사고,0,0,2,0,차대차 - 기타,안전운전불이행,-,맑음,교차로 - 교차로안,개인형이동수단(PM),남,15세,상해없음,승용,남,57세,경상
2021060500100446,2021년 6월 5일 17시,토요일,서울특별시 송파구 송파동,,경상사고,0,0,1,0,차대사람 - 보도통행중,기타,-,맑음,단일로 - 기타,개인형이동수단(PM),여,15세,상해없음,보행자,남,26세,경상
2021060700100199,2021년 6월 7일 12시,월요일,서울특별시 성동구 홍익동,,경상사고,0,0,1,0,차대차 - 측면충돌,중앙선침범,-,맑음,단일로 - 기타,개인형이동수단(PM),남,33세,상해없음,이륜,남,41세,경상
2021060700100497,2021년 6월 7일 19시,월요일,서울특별시 서초구 서초동,,경상사고,0,0,1,0,차대사람 - 횡단중,기타,-,맑음,단일로 - 기타,개인형이동수단(PM),남,18세,상해없음,보행자,여,35세,경상
2021060700100572,2021년 6월 7일 22시,월요일,서울특별시 관악구 봉천동,,부상신고사고,0,0,0,1,차대사람 - 보도통행중,기타,-,맑음,기타 - 기타,개인형이동수단(PM),남,25세,상해없음,보행자,남,29세,부상신고
2021060800100175,2021년 6월 8일 11시,화요일,서울특별시 중랑구 상봉동,,부상신고사고,0,0,0,1,차대사람 - 기타,기타,-,맑음,기타 - 기타,개인형이동수단(PM),남,77세,상해없음,보행자,남,80세,부상신고
2021060900100066,2021년 6월 9일 08시,수요일,서울특별시 성동구 행당동,,중상사고,0,1,0,0,차대사람 - 보도통행중,기타,-,맑음,단일로 - 기타,개인형이동수단(PM),여,23세,상해없음,보행자,여,46세,중상
2021060900100605,2021년 6월 9일 22시,수요일,서울특별시 강남구 신사동,,경상사고,0,0,1,0,차대사람 - 기타,안전운전불이행,-,맑음,단일로 - 기타,개인형이동수단(PM),남,29세,상해없음,보행자,남,31세,경상
2021060900100625,2021년 6월 9일 23시,수요일,서울특별시 마포구 창전동,,중상사고,0,1,0,0,차대차 - 측면충돌,안전운전불이행,-,맑음,교차로 - 교차로부근,개인형이동수단(PM),남,37세,상해없음,이륜,남,47세,중상
2021061100100391,2021년 6월 11일 17시,금요일,서울특별시 강남구 논현동,,경상사고,0,0,1,0,차대사람 - 보도통행중,기타,-,맑음,기타 - 기타,개인형이동수단(PM),여,32세,상해없음,보행자,여,25세,경상
2021061100100445,2021년 6월 11일 18시,금요일,서울특별시 송파구 잠실동,,경상사고,0,0,1,0,차대사람 - 기타,안전운전불이행,-,맑음,단일로 - 기타,개인형이동수단(PM),남,14세,상해없음,보행자,여,58세,경상
2021061100100626,2021년 6월 11일 23시,금요일,서울특별시 송파구 잠실동,,부상신고사고,0,0,0,1,차량단독 - 기타,안전운전불이행,-,맑음,단일로 - 기타,개인형이동수단(PM),남,31세,부상신고,,,,
2021061300100160,2021년 6월 13일 13시,일요일,서울특별시 관악구 신림동,,중상사고,0,1,0,0,차대사람 - 기타,안전운전불이행,-,맑음,단일로 - 기타,개인형이동수단(PM),남,24세,상해없음,보행자,여,79세,중상
2021061300100280,2021년 6월 13일 16시,일요일,서울특별시 동대문구 장안동,,경상사고,0,0,1,0,차대차 - 기타,직진우회전진행방해,-,맑음,교차로 - 교차로안,개인형이동수단(PM),남,43세,경상,승용,여,42세,상해없음
2021061400100001,2021년 6월 14일 00시,월요일,서울특별시 동대문구 이문동,,경상사고,0,0,1,0,차량단독 - 기타,안전운전불이행,-,흐림,단일로 - 기타,개인형이동수단(PM),남,49세,경상,,,,
2021061400100186,2021년 6월 14일 11시,월요일,서울특별시 노원구 공릉동,,경상사고,0,0,1,0,차대사람 - 기타,기타,-,맑음,단일로 - 기타,개인형이동수단(PM),남,24세,상해없음,보행자,남,39세,경상
2021061400100460,2021년 6월 14일 18시,월요일,서울특별시 중랑구 면목동,,경상사고,0,0,1,1,차대차 - 기타,안전운전불이행,-,맑음,단일로 - 기타,개인형이동수단(PM),남,30세,부상신고,자전거,여,52세,경상
2021061600100359,2021년 6월 16일 16시,수요일,서울특별시 서초구 서초동,,부상신고사고,0,0,0,1,차대차 - 기타,안전운전불이행,-,맑음,단일로 - 기타,개인형이동수단(PM),남,17세,부상신고,승용,남,38세,상해없음
2021061600100601,2021년 6월 16일 22시,수요일,서울특별시 강남구 논현동,,경상사고,0,0,1,0,차대사람 - 기타,안전운전불이행,-,맑음,단일로 - 기타,개인형이동수단(PM),남,33세,기타불명,보행자,남,35세,경상
2021061900100427,2021년 6월 19일 17시,토요일,서울특별시 광진구 중곡동,,경상사고,0,0,2,0,차대차 - 정면충돌,안전운전불이행,-,맑음,기타 - 기타,개인형이동수단(PM),여,35세,상해없음,자전거,남,56세,경상
2021062100100579,2021년 6월 21일 20시,월요일,서울특별시 강남구 세곡동,,중상사고,0,1,0,0,차량단독 - 기타,안전운전불이행,-,맑음,단일로 - 기타,개인형이동수단(PM),여,54세,중상,,,,
2021062100100621,2021년 6월 21일 22시,월요일,서울특별시 강북구 수유동,,경상사고,0,0,1,0,차대차 - 기타,직진우회전진행방해,-,맑음,교차로 - 교차로안,개인형이동수단(PM),여,18세,상해없음,이륜,남,21세,경상
2021062200100154,2021년 6월 22일 10시,화요일,서울특별시 마포구 연남동,,중상사고,0,1,0,0,차대사람 - 보도통행중,신호위반,-,맑음,교차로 - 교차로부근,개인형이동수단(PM),남,26세,상해없음,보행자,여,42세,중상
2021062300100026,2021년 6월 23일 04시,수요일,서울특별시 동작구 사당동,,경상사고,0,0,1,1,차대사람 - 기타,안전운전불이행,-,맑음,단일로 - 기타,개인형이동수단(PM),남,24세,부상신고,보행자,남,24세,경상
2021062300100429,2021년 6월 23일 19시,수요일,서울특별시 송파구 잠실동,,경상사고,0,0,1,0,차대차 - 측면충돌,안전운전불이행,-,맑음,교차로 - 교차로안,개인형이동수단(PM),남,28세,경상,승용,남,53세,상해없음
2021062400100060,2021년 6월 24일 07시,목요일,서울특별시 강남구 역삼동,,경상사고,0,0,1,0,차대차 - 측면충돌,안전운전불이행,-,맑음,기타 - 기타,개인형이동수단(PM),남,22세,경상,승용,남,34세,상해없음
2021062400100613,2021년 6월 24일 22시,목요일,서울특별시 강남구 신사동,,경상사고,0,0,1,0,차대차 - 측면충돌,안전운전불이행,-,맑음,단일로 - 기타,개인형이동수단(PM),남,41세,경상,승합,남,47세,상해없음
2021062500100292,2021년 6월 25일 14시,금요일,서울특별시 관악구 봉천동,,중상사고,0,1,0,0,차대차 - 기타,안전운전불이행,-,맑음,단일로 - 기타,개인형이동수단(PM),남,50세,상해없음,이륜,남,41세,중상
2021062600100545,2021년 6월 26일 21시,토요일,서울특별시 강북구 미아동,,경상사고,0,0,1,0,차대차 - 기타,불법유턴,-,맑음,교차로 - 교차로안,개인형이동수단(PM),남,29세,경상,승용,남,41세,상해없음
2021062600100576,2021년 6월 26일 22시,토요일,서울특별시 금천구 가산동,,부상신고사고,0,0,0,1,차대차 - 기타,안전운전불이행,-,맑음,단일로 - 기타,개인형이동수단(PM),여,31세,부상신고,자전거,남,20세,상해없음
2021062600100609,2021년 6월 26일 23시,토요일,서울특별시 성동구 용답동,,경상사고,0,0,1,0,차대차 - 측면충돌,신호위반,-,맑음,교차로 - 교차로안,개인형이동수단(PM),남,27세,상해없음,승용,남,63세,경상
2021062700100023,2021년 6월 27일 01시,일요일,서울특별시 용산구 이태원동,,경상사고,0,0,1,0,차대사람 - 보도통행중,안전운전불이행,-,맑음,기타 - 기타,개인형이동수단(PM),남,22세,상해없음,보행자,여,26세,경상
2021062700100198,2021년 6월 27일 13시,일요일,서울특별시 송파구 문정동,,중상사고,0,1,0,0,차대차 - 기타,안전운전불이행,-,맑음,단일로 - 기타,개인형이동수단(PM),여,27세,중상,승용,남,37세,상해없음
2021062700100471,2021년 6월 27일 22시,일요일,서울특별시 서초구 양재동,,경상사고,0,0,1,0,차대차 - 기타,안전운전불이행,-,흐림,기타 - 기타,개인형이동수단(PM),남,24세,경상,승용,여,37세,상해없음
2021062800100599,2021년 6월 28일 21시,월요일,서울특별시 강남구 역삼동,,경상사고,0,0,1,0,차대사람 - 보도통행중,안전운전불이행,-,맑음,기타 - 기타,개인형이동수단(PM),여,34세,상해없음,보행자,여,48세,경상
2021062900100634,2021년 6월 29일 23시,화요일,서울특별시 영등포구 대림동,,중상사고,0,2,0,0,차대차 - 정면충돌,중앙선침범,-,맑음,교차로 - 교차로부근,개인형이동수단(PM),남,39세,중상,이륜,남,46세,중상
2021063000100182,2021년 6월 30일 11시,수요일,서울특별시 동작구 노량진동,,경상사고,0,0,1,0,차대사람 - 기타,안전운전불이행,-,맑음,단일로 - 기타,개인형이동수단(PM),여,30세,상해없음,보행자,남,31세,경상
2021063000100470,2021년 6월 30일 18시,수요일,서울특별시 강남구 논현동,,중상사고,0,1,0,0,차대사람 - 기타,안전운전불이행,-,맑음,단일로 - 기타,개인형이동수단(PM),남,28세,상해없음,보행자,여,29세,중상
2021063000100575,2021년 6월 30일 21시,수요일,서울특별시 은평구 구산동,,중상사고,0,1,0,0,차대차 - 측면충돌,신호위반,-,맑음,교차로 - 교차로횡단보도내,개인형이동수단(PM),남,18세,상해없음,승용,남,58세,상해없음
2021070100100602,2021년 7월 1일 22시,목요일,서울특별시 강서구 방화동,,중상사고,0,1,0,0,차대차 - 측면충돌,안전운전불이행,-,맑음,교차로 - 교차로횡단보도내,개인형이동수단(PM),남,31세,상해없음,이륜,남,28세,중상
2021070100100622,2021년 7월 1일 23시,목요일,서울특별시 송파구 방이동,,부상신고사고,0,0,0,1,차량단독 - 전도전복 - 전도,안전운전불이행,-,맑음,단일로 - 기타,개인형이동수단(PM),남,39세,부상신고,,,,
2021070200100123,2021년 7월 2일 09시,금요일,서울특별시 강남구 삼성동,,경상사고,0,0,1,0,차대차 - 측면충돌,중앙선침범,-,맑음,단일로 - 기타,개인형이동수단(PM),남,27세,기타불명,화물,남,58세,경상
2021070200100289,2021년 7월 2일 14시,금요일,서울특별시 강남구 대치동,,중상사고,0,1,0,1,차대차 - 기타,직진우회전진행방해,-,맑음,교차로 - 교차로안,개인형이동수단(PM),남,26세,부상신고,승용,여,61세,중상
2021070200100711,2021년 7월 2일 23시,금요일,서울특별시 용산구 원효로4가,,경상사고,0,0,1,0,차대차 - 정면충돌,안전운전불이행,-,맑음,단일로 - 기타,개인형이동수단(PM),남,22세,기타불명,승용,남,22세,상해없음
2021070600100086,2021년 7월 6일 08시,화요일,서울특별시 광진구 중곡동,,경상사고,0,0,1,0,차대사람 - 보도통행중,기타,-,맑음,단일로 - 기타,개인형이동수단(PM),남,24세,상해없음,보행자,남,27세,경상
2021070600100197,2021년 7월 6일 12시,화요일,서울특별시 중구 을지로2가,,경상사고,0,0,1,0,차대사람 - 보도통행중,기타,-,맑음,단일로 - 기타,개인형이동수단(PM),여,33세,상해없음,보행자,여,36세,경상
2021070600100555,2021년 7월 6일 22시,화요일,서울특별시 강남구 역삼동,,경상사고,0,0,1,0,차대사람 - 기타,기타,-,맑음,기타 - 기타,개인형이동수단(PM),여,27세,기타불명,보행자,여,32세,경상
2021070600100584,2021년 7월 6일 23시,화요일,서울특별시 강서구 가양동,,중상사고,0,1,0,0,차대차 - 측면충돌,안전운전불이행,-,맑음,교차로 - 교차로안,개인형이동수단(PM),남,30세,중상,화물,남,54세,상해없음
2021070700100060,2021년 7월 7일 07시,수요일,서울특별시 마포구 공덕동,,경상사고,0,0,1,0,차대사람 - 보도통행중,기타,-,맑음,단일로 - 기타,개인형이동수단(PM),남,18세,상해없음,보행자,남,42세,경상
2021070900100485,2021년 7월 9일 19시,금요일,서울특별시 구로구 고척동,,경상사고,0,0,1,0,차대차 - 기타,중앙선침범,-,맑음,교차로 - 교차로안,개인형이동수단(PM),남,52세,경상,승용,남,28세,상해없음
2021071100100133,2021년 7월 11일 13시,일요일,서울특별시 강남구 역삼동,,경상사고,0,0,1,0,차대사람 - 기타,기타,-,기타,기타 - 기타,개인형이동수단(PM),남,19세,상해없음,보행자,남,26세,경상
2021071100100225,2021년 7월 11일 16시,일요일,서울특별시 송파구 잠실동,,경상사고,0,0,1,0,차대차 - 기타,안전운전불이행,-,맑음,기타 - 기타,개인형이동수단(PM),남,33세,상해없음,자전거,여,50세,경상
2021071100100368,2021년 7월 11일 21시,일요일,서울특별시 강남구 논현동,,중상사고,0,1,0,0,차대차 - 기타,안전운전불이행,-,맑음,단일로 - 기타,개인형이동수단(PM),여,43세,중상,승용,남,49세,상해없음
2021071300100581,2021년 7월 13일 21시,화요일,서울특별시 강동구 천호동,,경상사고,0,0,1,0,차대사람 - 기타,안전운전불이행,-,맑음,교차로 - 교차로안,개인형이동수단(PM),남,41세,상해없음,보행자,남,56세,경상
2021071400100169,2021년 7월 14일 11시,수요일,서울특별시 동작구 대방동,,경상사고,0,0,1,0,차대차 - 측면충돌,안전운전불이행,-,맑음,단일로 - 기타,개인형이동수단(PM),남,25세,경상,승용,남,60세,상해없음
2021071500100031,2021년 7월 15일 05시,목요일,서울특별시 노원구 하계동,,중상사고,0,1,0,0,차대차 - 기타,교차로운행방법위반,-,맑음,교차로 - 교차로안,개인형이동수단(PM),여,26세,중상,승용,남,66세,상해없음
2021071500100501,2021년 7월 15일 19시,목요일,서울특별시 송파구 방이동,,부상신고사고,0,0,0,1,차대사람 - 기타,안전운전불이행,-,맑음,교차로 - 교차로부근,개인형이동수단(PM),남,27세,상해없음,보행자,남,38세,부상신고
2021071600100176,2021년 7월 16일 11시,금요일,서울특별시 송파구 방이동,,경상사고,0,0,1,0,차대차 - 기타,불법유턴,-,맑음,교차로 - 교차로부근,개인형이동수단(PM),여,26세,경상,승용,남,64세,상해없음
2021071600100604,2021년 7월 16일 21시,금요일,서울특별시 노원구 공릉동,,경상사고,0,0,1,0,차대사람 - 기타,안전운전불이행,-,맑음,단일로 - 기타,개인형이동수단(PM),여,23세,기타불명,보행자,여,37세,경상
2021071700100371,2021년 7월 17일 16시,토요일,서울특별시 강남구 논현동,,경상사고,0,0,1,0,차대차 - 기타,안전운전불이행,-,맑음,단일로 - 기타,개인형이동수단(PM),남,27세,상해없음,이륜,남,34세,경상
2021071800100425,2021년 7월 18일 22시,일요일,서울특별시 양천구 신정동,,경상사고,0,0,1,0,차대차 - 측면충돌,안전운전불이행,-,비,기타 - 기타,개인형이동수단(PM),남,21세,경상,승용,남,55세,상해없음
2021072100100448,2021년 7월 21일 17시,수요일,서울특별시 송파구 오금동,,경상사고,0,0,1,0,차대차 - 정면충돌,안전운전불이행,-,맑음,교차로 - 교차로횡단보도내,개인형이동수단(PM),남,56세,경상,승용,여,41세,상해없음
2021072200100519,2021년 7월 22일 19시,목요일,서울특별시 강남구 대치동,,경상사고,0,0,1,0,차대차 - 기타,신호위반,-,맑음,교차로 - 교차로안,개인형이동수단(PM),남,27세,상해없음,이륜,남,44세,경상
2021072300100035,2021년 7월 23일 05시,금요일,서울특별시 영등포구 문래동1가,,중상사고,0,1,0,0,차대차 - 측면충돌,안전거리미확보,-,맑음,단일로 - 기타,개인형이동수단(PM),남,64세,중상,승용,남,14세,상해없음
2021072300100141,2021년 7월 23일 10시,금요일,서울특별시 송파구 방이동,,경상사고,0,0,1,0,차대사람 - 보도통행중,안전운전불이행,-,맑음,기타 - 기타,개인형이동수단(PM),여,58세,상해없음,보행자,남,74세,경상
2021072300100474,2021년 7월 23일 18시,금요일,서울특별시 노원구 상계동,,경상사고,0,0,1,0,차대차 - 기타,안전운전불이행,-,맑음,교차로 - 교차로부근,개인형이동수단(PM),남,27세,경상,승용,남,51세,상해없음
2021072400100317,2021년 7월 24일 15시,토요일,서울특별시 강남구 대치동,,경상사고,0,0,1,0,차대차 - 기타,안전운전불이행,-,맑음,기타 - 기타,개인형이동수단(PM),여,34세,경상,이륜,남,35세,상해없음
2021072600100233,2021년 7월 26일 12시,월요일,서울특별시 동대문구 회기동,,경상사고,0,0,1,0,차대차 - 정면충돌,안전운전불이행,-,맑음,단일로 - 기타,개인형이동수단(PM),여,22세,경상,승용,남,59세,상해없음
2021072600100601,2021년 7월 26일 22시,월요일,서울특별시 강북구 번동,,경상사고,0,0,1,0,차대사람 - 길가장자리구역통행중,안전운전불이행,-,맑음,단일로 - 기타,개인형이동수단(PM),남,21세,상해없음,보행자,여,74세,경상
2021072600100608,2021년 7월 26일 22시,월요일,서울특별시 노원구 하계동,,부상신고사고,0,0,0,1,차대차 - 측면충돌,불법유턴,-,맑음,교차로 - 교차로안,개인형이동수단(PM),남,20세,부상신고,승용,남,45세,상해없음
2021072600100626,2021년 7월 26일 23시,월요일,서울특별시 마포구 서교동,,경상사고,0,0,1,0,차량단독 - 기타,안전운전불이행,-,맑음,단일로 - 기타,개인형이동수단(PM),여,34세,경상,,,,
2021072600100628,2021년 7월 26일 23시,월요일,서울특별시 강남구 대치동,,경상사고,0,0,1,0,차대차 - 기타,안전운전불이행,-,기타,교차로 - 교차로횡단보도내,개인형이동수단(PM),남,25세,경상,승용,남,65세,상해없음
2021072700100340,2021년 7월 27일 15시,화요일,서울특별시 강남구 도곡동,,부상신고사고,0,0,0,1,차대차 - 기타,안전운전불이행,-,맑음,단일로 - 기타,개인형이동수단(PM),남,48세,부상신고,승용,남,49세,상해없음
2021072800100081,2021년 7월 28일 08시,수요일,서울특별시 송파구 신천동,,중상사고,0,1,0,0,차대사람 - 기타,기타,-,맑음,단일로 - 기타,개인형이동수단(PM),남,41세,상해없음,보행자,여,43세,중상
2021072800100243,2021년 7월 28일 13시,수요일,서울특별시 동대문구 휘경동,,중상사고,0,1,0,0,차대차 - 측면충돌,안전운전불이행,-,맑음,단일로 - 기타,개인형이동수단(PM),남,36세,상해없음,자전거,남,73세,중상
2021072800100275,2021년 7월 28일 14시,수요일,서울특별시 관악구 신림동,,경상사고,0,0,1,0,차대차 - 정면충돌,중앙선침범,-,비,단일로 - 기타,개인형이동수단(PM),남,27세,경상,승용,남,44세,상해없음
2021072800100345,2021년 7월 28일 16시,수요일,서울특별시 중랑구 면목동,,경상사고,0,0,1,0,차대차 - 정면충돌,안전운전불이행,-,맑음,교차로 - 교차로안,개인형이동수단(PM),남,14세,경상,승용,남,73세,상해없음
2021072800100446,2021년 7월 28일 18시,수요일,서울특별시 송파구 방이동,,중상사고,0,1,1,0,차대차 - 정면충돌,신호위반,-,맑음,단일로 - 기타,개인형이동수단(PM),남,32세,경상,자전거,여,54세,중상
2021072800100576,2021년 7월 28일 22시,수요일,서울특별시 관악구 신림동,,경상사고,0,0,1,0,차대차 - 정면충돌,안전운전불이행,-,맑음,교차로 - 교차로안,개인형이동수단(PM),남,22세,경상,승용,남,52세,상해없음
2021072900100022,2021년 7월 29일 03시,목요일,서울특별시 성동구 성수동2가,,중상사고,0,1,0,0,차량단독 - 도로외이탈 - 추락,안전운전불이행,-,맑음,단일로 - 기타,개인형이동수단(PM),남,44세,중상,,,,
2021072900100066,2021년 7월 29일 08시,목요일,서울특별시 서초구 양재동,,중상사고,0,1,0,0,차대사람 - 보도통행중,기타,-,맑음,단일로 - 기타,개인형이동수단(PM),남,28세,상해없음,보행자,여,51세,중상
2021072900100247,2021년 7월 29일 13시,목요일,서울특별시 성동구 성수동2가,,중상사고,0,1,0,0,차대차 - 측면충돌,안전운전불이행,-,맑음,교차로 - 교차로횡단보도내,개인형이동수단(PM),여,25세,중상,승용,남,42세,상해없음
2021073000100098,2021년 7월 30일 09시,금요일,서울특별시 강남구 논현동,,경상사고,0,0,1,0,차대사람 - 보도통행중,기타,-,맑음,단일로 - 기타,개인형이동수단(PM),남,38세,기타불명,보행자,여,30세,경상
2021073000100240,2021년 7월 30일 13시,금요일,서울특별시 송파구 가락동,,경상사고,0,0,1,0,차대차 - 기타,안전운전불이행,-,맑음,기타 - 기타,개인형이동수단(PM),남,23세,경상,승용,여,59세,상해없음
2021073000100442,2021년 7월 30일 18시,금요일,서울특별시 강남구 논현동,,경상사고,0,0,2,0,차대차 - 측면충돌,안전운전불이행,-,맑음,교차로 - 교차로부근,개인형이동수단(PM),여,34세,경상,이륜,남,30세,경상
2021073100100041,2021년 7월 31일 05시,토요일,서울특별시 노원구 중계동,,경상사고,0,0,1,0,차대차 - 측면충돌,신호위반,-,맑음,교차로 - 교차로안,개인형이동수단(PM),남,18세,경상,승용,남,61세,상해없음
2021073100100128,2021년 7월 31일 11시,토요일,서울특별시 강서구 화곡동,,부상신고사고,0,0,0,1,차대차 - 측면충돌,직진우회전진행방해,-,맑음,교차로 - 교차로안,개인형이동수단(PM),남,25세,부상신고,승용,여,57세,상해없음
2021073100100495,2021년 7월 31일 21시,토요일,서울특별시 강북구 번동,,경상사고,0,0,1,0,차대사람 - 횡단중,중앙선침범,-,맑음,단일로 - 기타,개인형이동수단(PM),남,17세,상해없음,보행자,여,28세,경상
2021080100100057,2021년 8월 1일 09시,일요일,서울특별시 동작구 사당동,,중상사고,0,2,1,0,차대차 - 측면충돌,직진우회전진행방해,-,맑음,교차로 - 교차로안,개인형이동수단(PM),남,20세,중상,승용,남,62세,경상
2021080100100285,2021년 8월 1일 18시,일요일,서울특별시 강서구 등촌동,,부상신고사고,0,0,0,1,차대차 - 측면충돌,안전운전불이행,-,흐림,단일로 - 기타,개인형이동수단(PM),남,52세,부상신고,승용,남,28세,상해없음
2021080300100459,2021년 8월 3일 21시,화요일,서울특별시 중랑구 망우동,,부상신고사고,0,0,0,1,차대사람 - 횡단중,안전운전불이행,-,맑음,단일로 - 기타,개인형이동수단(PM),남,41세,부상신고,보행자,남,68세,상해없음
2021080500100063,2021년 8월 5일 08시,목요일,서울특별시 강동구 성내동,,경상사고,0,0,1,0,차대차 - 측면충돌,안전운전불이행,-,맑음,기타 - 기타,개인형이동수단(PM),남,21세,경상,승용,여,20세,상해없음
2021080500100315,2021년 8월 5일 15시,목요일,서울특별시 용산구 효창동,,중상사고,0,1,0,0,차대차 - 기타,안전운전불이행,-,맑음,기타 - 기타,개인형이동수단(PM),남,53세,중상,승용,남,48세,기타불명
2021080500100486,2021년 8월 5일 19시,목요일,서울특별시 강서구 마곡동,,경상사고,0,0,1,0,차대차 - 측면충돌,안전운전불이행,-,맑음,단일로 - 기타,개인형이동수단(PM),기타불명,미분류,기타불명,자전거,여,25세,경상
2021080600100101,2021년 8월 6일 09시,금요일,서울특별시 마포구 염리동,,중상사고,0,1,0,0,차대사람 - 기타,안전운전불이행,-,맑음,단일로 - 기타,개인형이동수단(PM),여,29세,상해없음,보행자,여,65세,중상
2021080600100102,2021년 8월 6일 09시,금요일,서울특별시 동작구 상도동,,경상사고,0,0,1,0,차대차 - 측면충돌,안전운전불이행,-,맑음,교차로 - 교차로안,개인형이동수단(PM),남,24세,상해없음,승용,여,36세,경상
2021080600100398,2021년 8월 6일 17시,금요일,서울특별시 은평구 녹번동,,중상사고,0,1,0,0,차대사람 - 보도통행중,기타,-,맑음,단일로 - 기타,개인형이동수단(PM),남,77세,상해없음,보행자,남,41세,중상
2021080600100576,2021년 8월 6일 21시,금요일,서울특별시 강남구 논현동,,경상사고,0,0,1,0,차대사람 - 보도통행중,기타,-,맑음,기타 - 기타,개인형이동수단(PM),여,31세,기타불명,보행자,여,24세,경상
2021080600100598,2021년 8월 6일 22시,금요일,서울특별시 마포구 서교동,,중상사고,0,1,0,0,차대사람 - 기타,안전운전불이행,-,맑음,기타 - 기타,개인형이동수단(PM),여,27세,상해없음,보행자,여,20세,중상
2021080700100392,2021년 8월 7일 18시,토요일,서울특별시 강남구 역삼동,,경상사고,0,0,1,0,차대차 - 측면충돌,직진우회전진행방해,-,맑음,교차로 - 교차로안,개인형이동수단(PM),남,36세,경상,승용,남,25세,상해없음
2021080800100057,2021년 8월 8일 08시,일요일,서울특별시 강남구 역삼동,,부상신고사고,0,0,0,1,차량단독 - 기타,기타,-,맑음,기타 - 기타,개인형이동수단(PM),남,26세,부상신고,,,,
2021080800100320,2021년 8월 8일 19시,일요일,서울특별시 금천구 독산동,,경상사고,0,0,1,0,차대사람 - 보도통행중,기타,-,비,기타 - 기타,개인형이동수단(PM),남,42세,상해없음,보행자,남,25세,경상
2021080900100012,2021년 8월 9일 01시,월요일,서울특별시 강남구 도곡동,,경상사고,0,0,1,0,차대차 - 기타,안전운전불이행,-,기타,기타 - 기타,개인형이동수단(PM),기타불명,미분류,기타불명,승용,남,58세,상해없음
2021080900100458,2021년 8월 9일 18시,월요일,서울특별시 동작구 사당동,,경상사고,0,0,1,0,차대사람 - 기타,안전운전불이행,-,맑음,단일로 - 기타,개인형이동수단(PM),남,37세,상해없음,보행자,여,48세,경상
2021081000100134,2021년 8월 10일 11시,화요일,서울특별시 서초구 우면동,,중상사고,0,1,1,0,차대차 - 측면충돌,기타,-,맑음,교차로 - 교차로횡단보도내,개인형이동수단(PM),남,26세,중상,승용,여,33세,경상
2021081200100169,2021년 8월 12일 11시,목요일,서울특별시 양천구 신정동,,경상사고,0,0,1,0,차대차 - 기타,안전운전불이행,-,맑음,단일로 - 기타,개인형이동수단(PM),남,28세,경상,화물,남,24세,상해없음
2021081300100429,2021년 8월 13일 18시,금요일,서울특별시 강남구 역삼동,,경상사고,0,0,1,0,차대사람 - 보도통행중,기타,-,맑음,단일로 - 기타,개인형이동수단(PM),여,32세,상해없음,보행자,여,29세,경상
2021081400100042,2021년 8월 14일 06시,토요일,서울특별시 송파구 잠실동,,중상사고,0,1,0,0,차대차 - 정면충돌,안전운전불이행,-,맑음,단일로 - 기타,개인형이동수단(PM),남,24세,상해없음,자전거,여,73세,중상
2021081400100158,2021년 8월 14일 12시,토요일,서울특별시 송파구 석촌동,,부상신고사고,0,0,0,1,차대차 - 측면충돌,안전운전불이행,-,맑음,교차로 - 교차로안,개인형이동수단(PM),여,19세,상해없음,자전거,여,61세,부상신고
2021081400100477,2021년 8월 14일 22시,토요일,서울특별시 마포구 합정동,,중상사고,0,1,0,0,차대사람 - 기타,신호위반,-,맑음,단일로 - 기타,개인형이동수단(PM),남,22세,상해없음,보행자,여,32세,중상
2021081500100050,2021년 8월 15일 07시,일요일,서울특별시 동작구 사당동,,부상신고사고,0,0,0,1,차대차 - 기타,안전운전불이행,-,맑음,교차로 - 교차로안,개인형이동수단(PM),남,24세,부상신고,승용,남,49세,상해없음
2021081700100306,2021년 8월 17일 15시,화요일,서울특별시 도봉구 쌍문동,,경상사고,0,0,1,0,차대사람 - 횡단중,신호위반,-,맑음,교차로 - 교차로횡단보도내,개인형이동수단(PM),여,52세,상해없음,보행자,여,62세,경상
2021081800100115,2021년 8월 18일 10시,수요일,서울특별시 송파구 석촌동,,중상사고,0,1,0,0,차대사람 - 보도통행중,안전운전불이행,-,맑음,단일로 - 기타,개인형이동수단(PM),여,25세,상해없음,보행자,여,58세,중상
2021081800100214,2021년 8월 18일 13시,수요일,서울특별시 송파구 송파동,,경상사고,0,0,1,0,차대사람 - 기타,안전운전불이행,-,맑음,기타 - 기타,개인형이동수단(PM),남,26세,상해없음,보행자,남,34세,경상
2021081900100088,2021년 8월 19일 09시,목요일,서울특별시 동대문구 장안동,,경상사고,0,0,1,0,차대사람 - 기타,기타,-,맑음,단일로 - 기타,개인형이동수단(PM),남,59세,상해없음,보행자,여,38세,경상
2021082000100441,2021년 8월 20일 18시,금요일,서울특별시 서초구 서초동,,경상사고,0,0,1,0,차대사람 - 보도통행중,기타,-,맑음,단일로 - 기타,개인형이동수단(PM),여,21세,상해없음,보행자,남,45세,경상
2021082000100634,2021년 8월 20일 23시,금요일,서울특별시 노원구 상계동,,경상사고,0,0,1,0,차대차 - 측면충돌,안전운전불이행,-,비,단일로 - 기타,개인형이동수단(PM),남,18세,상해없음,자전거,남,45세,경상
2021082200100282,2021년 8월 22일 18시,일요일,서울특별시 서초구 반포동,,경상사고,0,0,1,0,차대차 - 측면충돌,기타,-,비,단일로 - 기타,개인형이동수단(PM),남,34세,경상,승용,남,55세,상해없음
2021082300100108,2021년 8월 23일 10시,월요일,서울특별시 노원구 상계동,,중상사고,0,1,0,0,차대차 - 측면충돌,안전운전불이행,-,맑음,단일로 - 기타,개인형이동수단(PM),남,32세,중상,승용,남,40세,상해없음
2021082500100036,2021년 8월 25일 06시,수요일,서울특별시 중랑구 상봉동,,경상사고,0,0,1,0,차대사람 - 보도통행중,기타,-,맑음,기타 - 기타,개인형이동수단(PM),남,36세,상해없음,보행자,여,37세,경상
2021082500100289,2021년 8월 25일 15시,수요일,서울특별시 동작구 흑석동,,경상사고,0,0,1,0,차대차 - 측면충돌,불법유턴,-,맑음,교차로 - 교차로부근,개인형이동수단(PM),남,25세,경상,화물,남,73세,상해없음
2021082700100480,2021년 8월 27일 20시,금요일,서울특별시 서대문구 충정로3가,,경상사고,0,0,1,0,차대사람 - 보도통행중,기타,-,맑음,단일로 - 기타,개인형이동수단(PM),남,20세,상해없음,보행자,남,55세,경상
2021082800100161,2021년 8월 28일 12시,토요일,서울특별시 서초구 서초동,,중상사고,0,1,0,0,차량단독 - 기타,안전운전불이행,-,맑음,교차로 - 교차로부근,개인형이동수단(PM),남,29세,중상,,,,
2021082900100007,2021년 8월 29일 01시,일요일,서울특별시 노원구 상계동,,부상신고사고,0,0,0,1,차대차 - 기타,안전운전불이행,-,맑음,단일로 - 기타,개인형이동수단(PM),남,24세,부상신고,승용,남,36세,기타불명
2021083000100243,2021년 8월 30일 14시,월요일,서울특별시 광진구 자양동,,경상사고,0,0,1,0,차대사람 - 횡단중,보행자보호의무위반,-,맑음,교차로 - 교차로횡단보도내,개인형이동수단(PM),남,15세,상해없음,보행자,남,65세,경상
2021083000100244,2021년 8월 30일 14시,월요일,서울특별시 성동구 성수동2가,,경상사고,0,0,1,0,차대차 - 측면충돌,안전운전불이행,-,맑음,교차로 - 교차로부근,개인형이동수단(PM),여,22세,경상,승용,여,53세,상해없음
2021083100100057,2021년 8월 31일 08시,화요일,서울특별시 광진구 화양동,,중상사고,0,1,0,0,차대사람 - 차도통행중,안전운전불이행,-,비,단일로 - 기타,개인형이동수단(PM),남,31세,상해없음,보행자,여,32세,중상
2021090200100308,2021년 9월 2일 16시,목요일,서울특별시 송파구 잠실동,,경상사고,0,0,1,0,차대차 - 기타,신호위반,-,맑음,기타 - 기타,개인형이동수단(PM),남,29세,경상,승용,남,61세,상해없음
2021090200100442,2021년 9월 2일 19시,목요일,서울특별시 송파구 가락동,,경상사고,0,0,1,0,차대차 - 기타,안전운전불이행,-,맑음,교차로 - 교차로안,개인형이동수단(PM),남,16세,상해없음,이륜,남,19세,경상
2021090300100343,2021년 9월 3일 17시,금요일,서울특별시 송파구 송파동,,부상신고사고,0,0,0,1,차대사람 - 기타,안전운전불이행,-,맑음,단일로 - 기타,개인형이동수단(PM),남,51세,상해없음,보행자,여,69세,부상신고
2021090400100072,2021년 9월 4일 09시,토요일,서울특별시 동대문구 전농동,,부상신고사고,0,0,0,1,차대차 - 측면충돌,직진우회전진행방해,-,맑음,교차로 - 교차로안,개인형이동수단(PM),남,26세,부상신고,승용,남,68세,상해없음
2021090500100002,2021년 9월 5일 01시,일요일,서울특별시 광진구 자양동,,경상사고,0,0,1,0,차대차 - 측면충돌,직진우회전진행방해,-,맑음,교차로 - 교차로안,개인형이동수단(PM),여,27세,경상,승용,남,63세,상해없음
2021090700100560,2021년 9월 7일 22시,화요일,서울특별시 노원구 상계동,,경상사고,0,0,1,0,차량단독 - 전도전복 - 전도,기타,-,비,기타 - 기타,개인형이동수단(PM),남,22세,경상,,,,
2021090800100199,2021년 9월 8일 11시,수요일,서울특별시 서초구 양재동,,경상사고,0,0,1,0,차대사람 - 기타,안전운전불이행,-,맑음,단일로 - 기타,개인형이동수단(PM),여,27세,상해없음,보행자,남,29세,경상
2021091000100147,2021년 9월 10일 10시,금요일,서울특별시 구로구 신도림동,,중상사고,0,1,0,0,차대차 - 기타,안전운전불이행,-,맑음,기타 - 기타,개인형이동수단(PM),여,43세,상해없음,자전거,여,67세,중상
2021091000100306,2021년 9월 10일 15시,금요일,서울특별시 강남구 역삼동,,경상사고,0,0,1,0,차대사람 - 길가장자리구역통행중,신호위반,-,맑음,단일로 - 기타,개인형이동수단(PM),여,22세,상해없음,보행자,남,29세,경상
2021091000100582,2021년 9월 10일 21시,금요일,서울특별시 서대문구 창천동,,중상사고,0,1,0,0,차대사람 - 보도통행중,기타,-,흐림,단일로 - 기타,개인형이동수단(PM),남,19세,상해없음,보행자,여,29세,중상
2021091000100618,2021년 9월 10일 22시,금요일,서울특별시 강남구 논현동,,경상사고,0,0,1,0,차대차 - 기타,기타,-,흐림,교차로 - 교차로횡단보도내,개인형이동수단(PM),여,39세,경상,승용,남,50세,상해없음
2021091100100010,2021년 9월 11일 01시,토요일,서울특별시 강남구 논현동,,경상사고,0,0,2,0,차대차 - 측면충돌,신호위반,-,맑음,교차로 - 교차로안,개인형이동수단(PM),여,32세,상해없음,승용,남,19세,경상
2021091100100088,2021년 9월 11일 09시,토요일,서울특별시 광진구 자양동,,부상신고사고,0,0,0,1,차대차 - 측면충돌,안전운전불이행,-,맑음,교차로 - 교차로부근,개인형이동수단(PM),여,18세,부상신고,승용,남,66세,상해없음
2021091100100372,2021년 9월 11일 15시,토요일,서울특별시 송파구 신천동,,경상사고,0,0,1,0,차대사람 - 기타,안전운전불이행,-,맑음,단일로 - 기타,개인형이동수단(PM),여,34세,상해없음,보행자,여,6세,경상
2021091400100444,2021년 9월 14일 16시,화요일,서울특별시 은평구 갈현동,,경상사고,0,0,1,2,차대차 - 정면충돌,안전운전불이행,-,맑음,단일로 - 기타,개인형이동수단(PM),남,14세,부상신고,자전거,남,24세,경상
2021091500100691,2021년 9월 15일 21시,수요일,서울특별시 관악구 봉천동,,중상사고,0,1,0,0,차대차 - 기타,안전운전불이행,-,맑음,교차로 - 교차로안,개인형이동수단(PM),남,9세,상해없음,승용,여,37세,상해없음
2021091700100519,2021년 9월 17일 17시,금요일,서울특별시 강남구 삼성동,,경상사고,0,0,1,0,차대사람 - 보도통행중,기타,-,맑음,기타 - 기타,개인형이동수단(PM),남,16세,기타불명,보행자,남,56세,경상
2021091800100032,2021년 9월 18일 05시,토요일,서울특별시 강남구 개포동,,경상사고,0,0,1,0,차대차 - 측면충돌,신호위반,-,맑음,교차로 - 교차로안,개인형이동수단(PM),여,19세,경상,승용,남,43세,상해없음
2021091800100332,2021년 9월 18일 14시,토요일,서울특별시 강남구 신사동,,경상사고,0,0,1,0,차대사람 - 보도통행중,기타,-,맑음,기타 - 기타,개인형이동수단(PM),남,24세,상해없음,보행자,남,30세,경상
2021091800100586,2021년 9월 18일 20시,토요일,서울특별시 송파구 오금동,,부상신고사고,0,0,0,1,차량단독 - 전도전복 - 전도,안전운전불이행,-,맑음,단일로 - 기타,개인형이동수단(PM),남,26세,부상신고,,,,
2021091900100341,2021년 9월 19일 18시,일요일,서울특별시 마포구 합정동,,부상신고사고,0,0,0,1,차대차 - 기타,안전운전불이행,-,맑음,교차로 - 교차로횡단보도내,개인형이동수단(PM),남,25세,상해없음,원동기,남,22세,부상신고
2021091900100394,2021년 9월 19일 20시,일요일,서울특별시 송파구 오금동,,경상사고,0,0,1,0,차량단독 - 기타,안전운전불이행,-,기타,교차로 - 교차로안,개인형이동수단(PM),남,49세,경상,,,,
2021092000100305,2021년 9월 20일 17시,월요일,서울특별시 성북구 성북동,,경상사고,0,0,1,0,차대차 - 측면충돌,안전운전불이행,-,맑음,교차로 - 교차로횡단보도내,개인형이동수단(PM),남,25세,경상,승용,남,59세,상해없음
2021092000100361,2021년 9월 20일 19시,월요일,서울특별시 송파구 가락동,,경상사고,0,0,1,0,차대사람 - 보도통행중,안전운전불이행,-,맑음,단일로 - 기타,개인형이동수단(PM),여,15세,상해없음,보행자,여,25세,경상
2021092200100174,2021년 9월 22일 14시,수요일,서울특별시 강남구 대치동,,중상사고,0,1,0,0,차대사람 - 기타,안전운전불이행,-,맑음,단일로 - 교량,개인형이동수단(PM),남,15세,상해없음,보행자,여,73세,중상
2021092300100174,2021년 9월 23일 11시,목요일,서울특별시 노원구 하계동,,경상사고,0,0,1,0,차대사람 - 보도통행중,기타,-,맑음,단일로 - 기타,개인형이동수단(PM),남,28세,상해없음,보행자,여,48세,경상
2021092300100494,2021년 9월 23일 19시,목요일,서울특별시 강남구 도곡동,,경상사고,0,0,1,0,차대차 - 기타,안전운전불이행,-,맑음,단일로 - 기타,개인형이동수단(PM),남,25세,경상,승용,남,51세,상해없음
2021092400100468,2021년 9월 24일 19시,금요일,서울특별시 강남구 신사동,,부상신고사고,0,0,0,1,차대차 - 기타,안전운전불이행,-,맑음,단일로 - 기타,개인형이동수단(PM),남,36세,부상신고,이륜,남,39세,상해없음
2021092500100419,2021년 9월 25일 21시,토요일,서울특별시 강서구 내발산동,,경상사고,0,0,1,0,차대사람 - 보도통행중,기타,-,맑음,단일로 - 기타,개인형이동수단(PM),남,22세,상해없음,보행자,남,39세,경상
2021092500100473,2021년 9월 25일 23시,토요일,서울특별시 중랑구 중화동,,중상사고,0,1,0,0,차대사람 - 기타,안전운전불이행,-,맑음,기타 - 기타,개인형이동수단(PM),남,20세,상해없음,보행자,여,57세,중상
2021092600100381,2021년 9월 26일 22시,일요일,서울특별시 마포구 동교동,,경상사고,0,0,1,0,차대차 - 측면충돌,안전거리미확보,-,흐림,단일로 - 기타,개인형이동수단(PM),남,28세,경상,승용,여,62세,상해없음
2021092700100257,2021년 9월 27일 14시,월요일,서울특별시 광진구 자양동,,중상사고,0,1,0,0,차대차 - 측면충돌,안전운전불이행,-,맑음,단일로 - 기타,개인형이동수단(PM),남,27세,중상,승합,남,50세,상해없음
2021092700100405,2021년 9월 27일 18시,월요일,서울특별시 송파구 마천동,,경상사고,0,0,1,0,차대차 - 측면충돌,직진우회전진행방해,-,맑음,교차로 - 교차로안,개인형이동수단(PM),여,60세,경상,승용,남,58세,상해없음
2021092800100385,2021년 9월 28일 18시,화요일,서울특별시 중랑구 상봉동,,중상사고,0,1,0,0,차대차 - 기타,차로위반,-,맑음,교차로 - 교차로부근,개인형이동수단(PM),여,25세,중상,승용,남,52세,상해없음
2021092900100525,2021년 9월 29일 20시,수요일,서울특별시 강남구 삼성동,,경상사고,0,0,1,0,차대차 - 기타,중앙선침범,-,비,단일로 - 기타,개인형이동수단(PM),남,29세,경상,승용,남,57세,상해없음
2021093000100057,2021년 9월 30일 07시,목요일,서울특별시 광진구 중곡동,,경상사고,0,0,1,0,차대차 - 측면충돌,직진우회전진행방해,-,맑음,교차로 - 교차로안,개인형이동수단(PM),남,18세,경상,승용,남,25세,상해없음
2021100100100069,2021년 10월 1일 08시,금요일,서울특별시 노원구 상계동,,경상사고,0,0,1,0,차대차 - 기타,안전운전불이행,-,맑음,교차로 - 교차로안,개인형이동수단(PM),여,22세,경상,승용,남,32세,상해없음
2021100100100113,2021년 10월 1일 09시,금요일,서울특별시 서초구 방배동,,경상사고,0,0,1,0,차대차 - 측면충돌,안전운전불이행,-,맑음,단일로 - 기타,개인형이동수단(PM),여,25세,경상,승용,남,57세,상해없음
2021100100100116,2021년 10월 1일 09시,금요일,서울특별시 강남구 역삼동,,중상사고,0,1,0,0,차대차 - 기타,안전운전불이행,-,맑음,단일로 - 기타,개인형이동수단(PM),남,22세,중상,승합,남,48세,상해없음
2021100100100547,2021년 10월 1일 19시,금요일,서울특별시 영등포구 당산동4가,,경상사고,0,0,1,0,차대사람 - 횡단중,기타,-,맑음,단일로 - 기타,개인형이동수단(PM),여,15세,기타불명,보행자,여,56세,경상
2021100200100111,2021년 10월 2일 10시,토요일,서울특별시 송파구 삼전동,,경상사고,0,0,2,0,차대차 - 기타,신호위반,-,맑음,교차로 - 교차로안,개인형이동수단(PM),여,39세,경상,원동기,남,21세,경상
2021100200100540,2021년 10월 2일 20시,토요일,서울특별시 종로구 숭인동,,경상사고,0,0,1,0,차대차 - 기타,중앙선침범,-,맑음,단일로 - 기타,개인형이동수단(PM),여,44세,경상,승용,남,45세,상해없음
2021100300100312,2021년 10월 3일 17시,일요일,서울특별시 마포구 신공덕동,,경상사고,0,0,1,0,차대차 - 측면충돌,안전운전불이행,-,맑음,단일로 - 기타,개인형이동수단(PM),남,34세,상해없음,이륜,남,52세,경상
2021100400100097,2021년 10월 4일 10시,월요일,서울특별시 강남구 역삼동,,경상사고,0,0,1,0,차대차 - 기타,안전운전불이행,-,맑음,단일로 - 기타,개인형이동수단(PM),남,24세,상해없음,이륜,남,28세,경상
2021100400100199,2021년 10월 4일 14시,월요일,서울특별시 서초구 서초동,,경상사고,0,0,1,0,차대사람 - 보도통행중,기타,-,맑음,단일로 - 기타,개인형이동수단(PM),남,15세,상해없음,보행자,여,53세,경상
2021100500100061,2021년 10월 5일 08시,화요일,서울특별시 중랑구 면목동,,경상사고,0,0,1,0,차대차 - 측면충돌,안전운전불이행,-,맑음,교차로 - 교차로안,개인형이동수단(PM),남,30세,경상,승용,남,63세,상해없음
2021100600100176,2021년 10월 6일 11시,수요일,서울특별시 중구 남대문로1가,,경상사고,0,0,1,0,차대차 - 측면충돌,안전운전불이행,-,비,교차로 - 교차로안,개인형이동수단(PM),남,18세,상해없음,원동기,남,71세,경상
2021100700100174,2021년 10월 7일 11시,목요일,서울특별시 동대문구 신설동,,중상사고,0,1,0,0,차대사람 - 기타,안전운전불이행,-,맑음,단일로 - 기타,개인형이동수단(PM),여,24세,중상,보행자,남,52세,상해없음
2021100800100113,2021년 10월 8일 09시,금요일,서울특별시 동작구 상도동,,중상사고,0,1,0,0,차대차 - 측면충돌,불법유턴,-,맑음,단일로 - 기타,개인형이동수단(PM),남,74세,중상,승용,남,39세,상해없음
2021100900100415,2021년 10월 9일 19시,토요일,서울특별시 중랑구 신내동,,중상사고,0,1,0,0,차대사람 - 횡단중,신호위반,-,맑음,교차로 - 교차로부근,개인형이동수단(PM),남,28세,상해없음,보행자,남,49세,중상
2021101100100408,2021년 10월 11일 19시,월요일,서울특별시 마포구 망원동,,부상신고사고,0,0,0,1,차대사람 - 차도통행중,신호위반,-,맑음,단일로 - 기타,개인형이동수단(PM),남,46세,상해없음,보행자,여,63세,부상신고
2021101200100120,2021년 10월 12일 09시,화요일,서울특별시 서초구 서초동,,경상사고,0,0,1,0,차대사람 - 기타,보행자보호의무위반,-,맑음,교차로 - 교차로안,개인형이동수단(PM),여,31세,상해없음,보행자,여,43세,경상
2021101400100087,2021년 10월 14일 08시,목요일,서울특별시 강북구 수유동,,경상사고,0,0,1,0,차대차 - 기타,안전운전불이행,-,맑음,단일로 - 기타,개인형이동수단(PM),남,28세,경상,승용,남,65세,상해없음
2021101400100471,2021년 10월 14일 18시,목요일,서울특별시 영등포구 대림동,,중상사고,0,1,0,0,차대차 - 정면충돌,중앙선침범,-,맑음,단일로 - 기타,개인형이동수단(PM),남,72세,상해없음,승용,남,56세,중상
2021101400100576,2021년 10월 14일 20시,목요일,서울특별시 송파구 삼전동,,중상사고,0,1,0,0,차대차 - 측면충돌,안전운전불이행,-,맑음,교차로 - 교차로횡단보도내,개인형이동수단(PM),남,50세,중상,승용,남,45세,상해없음
2021101500100365,2021년 10월 15일 16시,금요일,서울특별시 서초구 방배동,,경상사고,0,0,1,0,차대차 - 측면충돌,중앙선침범,-,맑음,단일로 - 기타,개인형이동수단(PM),남,63세,상해없음,자전거,남,68세,경상
2021101500100441,2021년 10월 15일 18시,금요일,서울특별시 송파구 문정동,,중상사고,0,1,0,0,차대사람 - 보도통행중,기타,-,맑음,교차로 - 교차로부근,개인형이동수단(PM),남,39세,상해없음,보행자,남,38세,중상
2021101600100045,2021년 10월 16일 05시,토요일,서울특별시 광진구 광장동,,중상사고,0,1,1,0,차대차 - 정면충돌,신호위반,-,맑음,교차로 - 교차로안,개인형이동수단(PM),남,27세,중상,승용,남,59세,경상
2021101600100155,2021년 10월 16일 11시,토요일,서울특별시 강남구 역삼동,,부상신고사고,0,0,0,1,차대차 - 기타,안전운전불이행,-,맑음,교차로 - 교차로안,개인형이동수단(PM),남,25세,부상신고,승용,여,47세,상해없음
2021101700100260,2021년 10월 17일 17시,일요일,서울특별시 동대문구 장안동,,경상사고,0,0,1,0,차대차 - 기타,기타,-,맑음,교차로 - 교차로안,개인형이동수단(PM),남,49세,경상,승용,남,62세,상해없음
2021102000100025,2021년 10월 20일 06시,수요일,서울특별시 송파구 마천동,,중상사고,0,1,0,0,차대사람 - 기타,안전운전불이행,-,맑음,기타 - 기타,개인형이동수단(PM),남,48세,상해없음,보행자,여,70세,중상
2021102000100057,2021년 10월 20일 08시,수요일,서울특별시 관악구 남현동,,경상사고,0,0,1,0,차대차 - 측면충돌,신호위반,-,맑음,교차로 - 교차로안,개인형이동수단(PM),남,68세,경상,승용,여,44세,상해없음
2021102000100433,2021년 10월 20일 18시,수요일,서울특별시 강북구 미아동,,경상사고,0,0,1,0,차대차 - 정면충돌,중앙선침범,-,맑음,단일로 - 기타,개인형이동수단(PM),남,14세,상해없음,승용,여,42세,경상
2021102100100332,2021년 10월 21일 16시,목요일,서울특별시 노원구 공릉동,,경상사고,0,0,1,0,차대사람 - 차도통행중,안전운전불이행,-,맑음,교차로 - 교차로안,개인형이동수단(PM),여,18세,상해없음,보행자,남,2세,경상
2021102100100553,2021년 10월 21일 21시,목요일,서울특별시 은평구 응암동,,중상사고,0,1,0,0,차대사람 - 보도통행중,기타,-,맑음,단일로 - 기타,개인형이동수단(PM),여,17세,상해없음,보행자,여,59세,중상
2021102200100028,2021년 10월 22일 05시,금요일,서울특별시 중구 장충동2가,,경상사고,0,0,1,0,차대차 - 측면충돌,안전거리미확보,-,맑음,단일로 - 기타,개인형이동수단(PM),남,60세,기타불명,승용,남,66세,상해없음
2021102200100577,2021년 10월 22일 19시,금요일,서울특별시 은평구 역촌동,,경상사고,0,0,1,0,차대사람 - 보도통행중,신호위반,-,맑음,교차로 - 교차로안,개인형이동수단(PM),여,18세,상해없음,보행자,여,56세,경상
2021102300100062,2021년 10월 23일 08시,토요일,서울특별시 중랑구 망우동,,경상사고,0,0,1,0,차대사람 - 기타,안전운전불이행,-,맑음,단일로 - 기타,개인형이동수단(PM),여,29세,상해없음,보행자,여,56세,경상
2021102300100328,2021년 10월 23일 15시,토요일,서울특별시 마포구 서교동,,부상신고사고,0,0,0,1,차대차 - 측면충돌,안전운전불이행,-,맑음,교차로 - 교차로안,개인형이동수단(PM),남,27세,부상신고,승용,남,29세,기타불명
2021102400100095,2021년 10월 24일 10시,일요일,서울특별시 강서구 가양동,,중상사고,0,1,0,0,차대사람 - 보도통행중,기타,-,맑음,단일로 - 기타,개인형이동수단(PM),남,31세,상해없음,보행자,여,62세,중상
2021102500100628,2021년 10월 25일 22시,월요일,서울특별시 동작구 신대방동,,경상사고,0,0,1,0,차대사람 - 기타,안전운전불이행,-,맑음,단일로 - 기타,개인형이동수단(PM),여,20세,상해없음,보행자,남,30세,경상
2021102500100648,2021년 10월 25일 23시,월요일,서울특별시 성동구 성수동2가,,경상사고,0,0,1,0,차대차 - 기타,기타,-,맑음,단일로 - 기타,개인형이동수단(PM),여,32세,경상,승용,남,51세,상해없음
2021102600100024,2021년 10월 26일 05시,화요일,서울특별시 은평구 진관동,,중상사고,0,1,1,0,차대차 - 정면충돌,안전운전불이행,-,맑음,단일로 - 기타,개인형이동수단(PM),남,22세,중상,자전거,남,55세,경상
2021102600100062,2021년 10월 26일 08시,화요일,서울특별시 성북구 동선동2가,,경상사고,0,0,1,0,차대사람 - 차도통행중,안전운전불이행,-,맑음,단일로 - 기타,개인형이동수단(PM),남,41세,상해없음,보행자,여,24세,경상
2021102600100270,2021년 10월 26일 14시,화요일,서울특별시 강서구 화곡동,,중상사고,0,1,0,0,차대차 - 기타,안전운전불이행,-,맑음,단일로 - 기타,개인형이동수단(PM),여,23세,중상,승합,남,48세,상해없음
2021102600100576,2021년 10월 26일 22시,화요일,서울특별시 구로구 구로동,,중상사고,0,1,0,0,차대사람 - 기타,안전운전불이행,-,맑음,교차로 - 교차로안,개인형이동수단(PM),여,14세,상해없음,보행자,남,46세,중상
2021102700100420,2021년 10월 27일 18시,수요일,서울특별시 동작구 사당동,,중상사고,0,1,0,0,차대차 - 측면충돌,안전운전불이행,-,맑음,교차로 - 교차로안,개인형이동수단(PM),남,29세,중상,승용,남,49세,상해없음
2021102800100223,2021년 10월 28일 11시,목요일,서울특별시 성동구 성수동2가,,경상사고,0,0,1,0,차대사람 - 횡단중,안전운전불이행,-,맑음,단일로 - 기타,개인형이동수단(PM),남,27세,상해없음,보행자,여,37세,경상
2021102800100596,2021년 10월 28일 20시,목요일,서울특별시 노원구 상계동,,사망사고,1,0,0,0,차량단독 - 공작물충돌,안전운전불이행,-,맑음,교차로 - 교차로부근,개인형이동수단(PM),남,17세,사망,,,,
2021103000100394,2021년 10월 30일 18시,토요일,서울특별시 강남구 대치동,,부상신고사고,0,0,0,1,차대차 - 기타,안전운전불이행,-,맑음,기타 - 기타,개인형이동수단(PM),남,15세,상해없음,자전거,남,12세,부상신고
2021110100100001,2021년 11월 1일 00시,월요일,서울특별시 광진구 화양동,,경상사고,0,0,1,0,차대사람 - 기타,안전운전불이행,-,맑음,단일로 - 기타,개인형이동수단(PM),남,27세,상해없음,보행자,남,26세,경상
2021110100100248,2021년 11월 1일 13시,월요일,서울특별시 중랑구 면목동,,부상신고사고,0,0,0,1,차대차 - 측면충돌,안전거리미확보,-,맑음,단일로 - 기타,개인형이동수단(PM),남,55세,부상신고,승합,남,39세,상해없음
2021110300100442,2021년 11월 3일 18시,수요일,서울특별시 은평구 응암동,,경상사고,0,0,1,0,차대사람 - 보도통행중,기타,-,맑음,기타 - 기타,개인형이동수단(PM),남,69세,상해없음,보행자,남,8세,경상
2021110300100550,2021년 11월 3일 20시,수요일,서울특별시 서대문구 남가좌동,,중상사고,0,1,0,0,차대사람 - 기타,기타,-,맑음,단일로 - 기타,개인형이동수단(PM),남,28세,상해없음,보행자,여,40세,중상
2021110500100298,2021년 11월 5일 14시,금요일,서울특별시 강북구 수유동,,중상사고,0,2,0,0,차대사람 - 횡단중,신호위반,-,맑음,단일로 - 기타,개인형이동수단(PM),남,41세,상해없음,보행자,여,60세,중상
2021110600100351,2021년 11월 6일 16시,토요일,서울특별시 영등포구 대림동,,경상사고,0,0,1,0,차대차 - 측면충돌,안전운전불이행,-,맑음,교차로 - 교차로안,개인형이동수단(PM),여,55세,경상,승용,여,50세,기타불명
2021110700100461,2021년 11월 7일 22시,일요일,서울특별시 강동구 천호동,,경상사고,0,0,1,0,차대차 - 기타,안전운전불이행,-,맑음,교차로 - 교차로안,개인형이동수단(PM),남,45세,경상,승용,여,36세,상해없음
2021110800100061,2021년 11월 8일 07시,월요일,서울특별시 종로구 창신동,,중상사고,0,1,0,1,차대사람 - 보도통행중,기타,-,맑음,단일로 - 기타,개인형이동수단(PM),여,52세,부상신고,보행자,여,60세,중상
2021111100100281,2021년 11월 11일 13시,목요일,서울특별시 서초구 반포동,,중상사고,0,1,0,0,차대차 - 측면충돌,신호위반,-,맑음,단일로 - 기타,개인형이동수단(PM),남,33세,중상,이륜,남,71세,상해없음
2021111100100593,2021년 11월 11일 21시,목요일,서울특별시 관악구 봉천동,,경상사고,0,0,2,0,차대사람 - 기타,안전운전불이행,-,맑음,단일로 - 기타,개인형이동수단(PM),여,28세,기타불명,보행자,여,25세,경상
2021111100100643,2021년 11월 11일 23시,목요일,서울특별시 관악구 봉천동,,중상사고,0,1,0,0,차대차 - 측면충돌,직진우회전진행방해,-,기타,교차로 - 교차로안,개인형이동수단(PM),남,24세,중상,승용,남,73세,상해없음
2021111200100084,2021년 11월 12일 08시,금요일,서울특별시 종로구 연지동,,부상신고사고,0,0,0,1,차대사람 - 횡단중,신호위반,-,맑음,교차로 - 교차로안,개인형이동수단(PM),기타불명,미분류,기타불명,보행자,남,9세,부상신고
2021111300100472,2021년 11월 13일 18시,토요일,서울특별시 노원구 상계동,,경상사고,0,0,1,0,차대사람 - 보도통행중,안전운전불이행,-,맑음,교차로 - 교차로부근,개인형이동수단(PM),남,17세,상해없음,보행자,남,63세,경상
2021111300100610,2021년 11월 13일 22시,토요일,서울특별시 금천구 독산동,,경상사고,0,0,2,0,차대차 - 정면충돌,중앙선침범,-,맑음,단일로 - 기타,개인형이동수단(PM),남,29세,경상,승용,남,58세,경상
2021111400100018,2021년 11월 14일 01시,일요일,서울특별시 마포구 상수동,,경상사고,0,0,1,0,차대사람 - 보도통행중,기타,-,맑음,단일로 - 기타,개인형이동수단(PM),여,25세,기타불명,보행자,남,32세,경상
2021111400100053,2021년 11월 14일 03시,일요일,서울특별시 강남구 역삼동,,부상신고사고,0,0,0,1,차량단독 - 기타,기타,-,맑음,기타 - 기타,개인형이동수단(PM),남,31세,부상신고,,,,
2021111400100108,2021년 11월 14일 10시,일요일,서울특별시 영등포구 여의도동,,경상사고,0,0,1,0,차대사람 - 보도통행중,기타,-,맑음,단일로 - 기타,개인형이동수단(PM),여,23세,상해없음,보행자,여,65세,경상
2021111500100087,2021년 11월 15일 08시,월요일,서울특별시 마포구 용강동,,부상신고사고,0,0,0,1,차대사람 - 횡단중,보행자보호의무위반,-,맑음,단일로 - 기타,개인형이동수단(PM),남,44세,상해없음,보행자,여,74세,부상신고
2021111600100101,2021년 11월 16일 08시,화요일,서울특별시 성동구 성수동2가,,경상사고,0,0,1,0,차대사람 - 차도통행중,안전운전불이행,-,맑음,단일로 - 기타,개인형이동수단(PM),여,19세,상해없음,보행자,여,30세,경상
2021111800100002,2021년 11월 18일 00시,목요일,서울특별시 강남구 논현동,,중상사고,0,1,0,0,차대차 - 측면충돌,기타,-,맑음,교차로 - 교차로안,개인형이동수단(PM),여,28세,중상,승용,남,27세,상해없음
2021111800100581,2021년 11월 18일 22시,목요일,서울특별시 동작구 사당동,,부상신고사고,0,0,0,1,차량단독 - 기타,안전운전불이행,-,맑음,기타 - 기타,개인형이동수단(PM),남,33세,부상신고,,,,
2021111900100189,2021년 11월 19일 11시,금요일,서울특별시 영등포구 양평동3가,,부상신고사고,0,0,0,1,차대차 - 측면충돌,안전운전불이행,-,맑음,교차로 - 교차로부근,개인형이동수단(PM),남,30세,부상신고,승용,남,45세,상해없음
2021111900100669,2021년 11월 19일 23시,금요일,서울특별시 성동구 성수동2가,,경상사고,0,0,1,0,차대사람 - 기타,신호위반,-,맑음,단일로 - 기타,개인형이동수단(PM),기타불명,미분류,기타불명,보행자,남,27세,경상
2021112000100057,2021년 11월 20일 04시,토요일,서울특별시 중구 신당동,,경상사고,0,0,1,0,차대차 - 측면충돌,중앙선침범,-,맑음,단일로 - 기타,개인형이동수단(PM),남,39세,경상,화물,남,38세,상해없음
2021112000100316,2021년 11월 20일 15시,토요일,서울특별시 송파구 잠실동,,중상사고,0,1,0,0,차대차 - 정면충돌,안전운전불이행,-,맑음,단일로 - 기타,개인형이동수단(PM),남,29세,상해없음,자전거,남,51세,중상
2021112100100011,2021년 11월 21일 01시,일요일,서울특별시 송파구 삼전동,,경상사고,0,0,1,0,차대차 - 기타,안전운전불이행,-,기타,기타 - 기타,개인형이동수단(PM),남,34세,경상,승용,남,21세,기타불명
2021112200100029,2021년 11월 22일 02시,월요일,서울특별시 마포구 연남동,,경상사고,0,0,1,0,차대차 - 기타,신호위반,-,맑음,단일로 - 기타,개인형이동수단(PM),남,25세,경상,화물,남,52세,기타불명
2021112300100001,2021년 11월 23일 00시,화요일,서울특별시 동작구 사당동,,부상신고사고,0,0,0,1,차량단독 - 기타,안전운전불이행,-,맑음,단일로 - 기타,개인형이동수단(PM),남,28세,부상신고,,,,
2021112400100161,2021년 11월 24일 11시,수요일,서울특별시 서대문구 창천동,,부상신고사고,0,0,0,1,차대차 - 측면충돌,안전운전불이행,-,맑음,교차로 - 교차로안,개인형이동수단(PM),남,22세,부상신고,승용,여,37세,상해없음
2021112500100554,2021년 11월 25일 19시,목요일,서울특별시 강서구 마곡동,,중상사고,0,1,0,0,차대차 - 정면충돌,안전운전불이행,-,맑음,단일로 - 기타,개인형이동수단(PM),남,17세,상해없음,자전거,여,66세,중상
2021112600100019,2021년 11월 26일 01시,금요일,서울특별시 서대문구 북가좌동,,경상사고,0,0,1,0,차대차 - 측면충돌,불법유턴,-,맑음,교차로 - 교차로횡단보도내,개인형이동수단(PM),남,25세,상해없음,승용,남,55세,경상
2021112700100153,2021년 11월 27일 11시,토요일,서울특별시 은평구 녹번동,,경상사고,0,0,2,1,차대차 - 측면충돌,안전운전불이행,-,맑음,교차로 - 교차로부근,개인형이동수단(PM),남,42세,부상신고,이륜,남,55세,경상
2021112900100150,2021년 11월 29일 09시,월요일,서울특별시 송파구 잠실동,,경상사고,0,0,1,0,차대차 - 기타,안전운전불이행,-,기타,교차로 - 교차로부근,개인형이동수단(PM),여,27세,경상,화물,남,45세,상해없음
2021112900100478,2021년 11월 29일 18시,월요일,서울특별시 관악구 봉천동,,경상사고,0,0,1,0,차대사람 - 횡단중,안전운전불이행,-,맑음,교차로 - 교차로횡단보도내,개인형이동수단(PM),남,31세,상해없음,보행자,여,29세,경상
2021120100100512,2021년 12월 1일 19시,수요일,서울특별시 동작구 노량진동,,경상사고,0,0,1,0,차대사람 - 보도통행중,안전운전불이행,-,맑음,기타 - 기타,개인형이동수단(PM),남,25세,상해없음,보행자,남,23세,경상
2021120200100091,2021년 12월 2일 08시,목요일,서울특별시 중랑구 신내동,,경상사고,0,0,1,0,차대차 - 측면충돌,신호위반,-,맑음,교차로 - 교차로부근,개인형이동수단(PM),남,26세,경상,승용,여,55세,상해없음
2021120200100457,2021년 12월 2일 18시,목요일,서울특별시 서초구 방배동,,경상사고,0,0,1,0,차대사람 - 보도통행중,안전운전불이행,-,맑음,기타 - 기타,개인형이동수단(PM),여,22세,상해없음,보행자,여,36세,경상
2021120500100145,2021년 12월 5일 12시,일요일,서울특별시 마포구 서교동,,경상사고,0,0,1,0,차대사람 - 횡단중,신호위반,-,맑음,교차로 - 교차로안,개인형이동수단(PM),남,41세,상해없음,보행자,여,27세,경상
2021120500100288,2021년 12월 5일 17시,일요일,서울특별시 강북구 수유동,,경상사고,0,0,1,0,차대차 - 기타,중앙선침범,-,맑음,단일로 - 기타,개인형이동수단(PM),여,50세,상해없음,이륜,남,29세,경상
2021120700100390,2021년 12월 7일 17시,화요일,서울특별시 동작구 상도동,,경상사고,0,0,1,0,차대차 - 기타,안전운전불이행,-,맑음,단일로 - 기타,개인형이동수단(PM),여,34세,경상,승용,남,51세,상해없음
2021121000100017,2021년 12월 10일 01시,금요일,서울특별시 송파구 방이동,,중상사고,0,1,0,0,차대차 - 측면충돌,안전운전불이행,-,맑음,교차로 - 교차로안,개인형이동수단(PM),남,51세,중상,승용,남,44세,상해없음
2021121000100217,2021년 12월 10일 12시,금요일,서울특별시 동대문구 답십리동,,부상신고사고,0,0,0,1,차대차 - 기타,직진우회전진행방해,-,흐림,교차로 - 교차로안,개인형이동수단(PM),남,34세,부상신고,승용,여,69세,상해없음
2021121200100036,2021년 12월 12일 02시,일요일,서울특별시 강남구 역삼동,,경상사고,0,0,1,0,차대차 - 측면충돌,안전운전불이행,-,맑음,교차로 - 교차로횡단보도내,개인형이동수단(PM),남,27세,경상,승용,남,32세,상해없음
2021121200100199,2021년 12월 12일 15시,일요일,서울특별시 동작구 노량진동,,경상사고,0,0,1,0,차대사람 - 횡단중,보행자보호의무위반,-,맑음,교차로 - 교차로안,개인형이동수단(PM),남,14세,상해없음,보행자,여,39세,경상
2021121300100308,2021년 12월 13일 14시,월요일,서울특별시 용산구 한강로2가,,경상사고,0,0,1,0,차대사람 - 보도통행중,기타,-,맑음,기타 - 기타,개인형이동수단(PM),여,29세,상해없음,보행자,여,58세,경상
2021121300100435,2021년 12월 13일 18시,월요일,서울특별시 중구 쌍림동,,부상신고사고,0,0,0,1,차대차 - 기타,안전운전불이행,-,맑음,단일로 - 기타,개인형이동수단(PM),남,19세,부상신고,이륜,남,25세,기타불명
2021121500100413,2021년 12월 15일 18시,수요일,서울특별시 관악구 신림동,,경상사고,0,0,1,0,차대사람 - 보도통행중,안전운전불이행,-,맑음,기타 - 기타,개인형이동수단(PM),남,24세,상해없음,보행자,남,29세,경상
2021121600100274,2021년 12월 16일 15시,목요일,서울특별시 송파구 마천동,,부상신고사고,0,0,0,1,차대차 - 측면충돌,신호위반,-,맑음,교차로 - 교차로안,개인형이동수단(PM),남,68세,부상신고,승용,남,74세,상해없음
2021121600100377,2021년 12월 16일 18시,목요일,서울특별시 광진구 화양동,,경상사고,0,0,1,0,차대차 - 정면충돌,안전운전불이행,-,맑음,단일로 - 기타,개인형이동수단(PM),여,23세,상해없음,자전거,남,42세,경상
2021121800100002,2021년 12월 18일 00시,토요일,서울특별시 마포구 동교동,,경상사고,0,0,2,0,차대사람 - 보도통행중,안전운전불이행,-,맑음,기타 - 기타,개인형이동수단(PM),남,20세,상해없음,보행자,여,25세,경상
2021121900100295,2021년 12월 19일 20시,일요일,서울특별시 강북구 수유동,,경상사고,0,0,2,0,차대사람 - 기타,신호위반,-,맑음,교차로 - 교차로안,개인형이동수단(PM),남,21세,상해없음,보행자,남,65세,경상
2021121900100358,2021년 12월 19일 23시,일요일,서울특별시 송파구 잠실동,,경상사고,0,0,1,0,차대차 - 기타,안전운전불이행,-,맑음,교차로 - 교차로횡단보도내,개인형이동수단(PM),여,20세,경상,승용,남,18세,상해없음
2021122000100288,2021년 12월 20일 15시,월요일,서울특별시 영등포구 양평동5가,,경상사고,0,0,1,0,차대차 - 측면충돌,직진우회전진행방해,-,맑음,교차로 - 교차로안,개인형이동수단(PM),남,32세,경상,승용,남,47세,상해없음
2021122000100506,2021년 12월 20일 19시,월요일,서울특별시 구로구 오류동,,경상사고,0,0,1,0,차대차 - 기타,안전운전불이행,-,맑음,단일로 - 기타,개인형이동수단(PM),남,61세,상해없음,이륜,남,40세,경상
2021122100100273,2021년 12월 21일 15시,화요일,서울특별시 동작구 상도동,,부상신고사고,0,0,0,1,차대차 - 측면충돌,안전운전불이행,-,맑음,교차로 - 교차로부근,개인형이동수단(PM),남,17세,부상신고,이륜,남,19세,상해없음
2021122200100347,2021년 12월 22일 16시,수요일,서울특별시 강서구 마곡동,,중상사고,0,1,0,0,차량단독 - 기타,기타,-,맑음,단일로 - 기타,개인형이동수단(PM),여,24세,중상,,,,
2021122300100154,2021년 12월 23일 11시,목요일,서울특별시 강남구 역삼동,,경상사고,0,0,1,0,차대차 - 기타,안전운전불이행,-,맑음,교차로 - 교차로부근,개인형이동수단(PM),남,18세,경상,승용,남,40세,상해없음
2021122800100515,2021년 12월 28일 22시,화요일,서울특별시 종로구 종로1가,,중상사고,0,1,0,0,차대차 - 기타,불법유턴,-,맑음,교차로 - 교차로횡단보도내,개인형이동수단(PM),남,47세,중상,승합,남,59세,상해없음
2021122900100086,2021년 12월 29일 09시,수요일,서울특별시 중랑구 상봉동,,부상신고사고,0,0,0,1,차대차 - 측면충돌,불법유턴,-,맑음,교차로 - 교차로안,개인형이동수단(PM),남,24세,부상신고,승용,남,31세,상해없음
2021122900100089,2021년 12월 29일 09시,수요일,서울특별시 강남구 청담동,,경상사고,0,0,1,0,차대차 - 기타,안전운전불이행,-,맑음,교차로 - 교차로횡단보도내,개인형이동수단(PM),남,36세,경상,승용,남,44세,상해없음
2021123000100141,2021년 12월 30일 11시,목요일,서울특별시 양천구 신월동,,중상사고,0,1,0,0,차대차 - 측면충돌,안전운전불이행,-,맑음,단일로 - 기타,개인형이동수단(PM),남,62세,중상,승용,남,67세,상해없음
2021123000100240,2021년 12월 30일 14시,목요일,서울특별시 관악구 봉천동,,경상사고,0,0,1,0,차대사람 - 보도통행중,안전운전불이행,-,맑음,기타 - 기타,개인형이동수단(PM),남,26세,상해없음,보행자,여,29세,경상