사고번호,사고일시,요일,시군구,도로명주소,사고내용,사망자수,중상자수,경상자수,부상신고자수,사고유형,법규위반,노면상태,기상상태,도로형태,가해운전자 차종,가해운전자 성별,가해운전자 연령,가해운전자 상해정도,피해운전자 차종,피해운전자 성별,피해운전자 연령,피해운전자 상해정도,좌표,좌표계
2021010200100053,2021년 1월 2일 10시,토요일,서울특별시 마포구 구수동,,중상사고,0,1,0,0,차대차 - 측면충돌,안전운전불이행,-,맑음,단일로 - 기타,개인형이동수단(PM),남,28세,상해없음,이륜,남,49세,중상,"[194066.02579262, 449747.90669503]",EPSG:5181
2021011000100182,2021년 1월 10일 16시,일요일,서울특별시 서초구 반포동,,경상사고,0,0,1,0,차대차 - 측면충돌,불법유턴,-,맑음,교차로 - 교차로부근,개인형이동수단(PM),남,24세,경상,승용,남,43세,상해없음,"[201601.91336089, 445614.34964187]",EPSG:5181
2021011400100148,2021년 1월 14일 10시,목요일,서울특별시 서초구 서초동,,부상신고사고,0,0,0,1,차대차 - 기타,안전운전불이행,-,맑음,교차로 - 교차로부근,개인형이동수단(PM),여,24세,부상신고,승용,여,39세,상해없음,"[200524.55963108, 442588.44509583]",EPSG:5181
2021011500100555,2021년 1월 15일 21시,금요일,서울특별시 송파구 송파동,,경상사고,0,0,1,0,차대사람 - 보도통행중,안전운전불이행,-,맑음,단일로 - 기타,개인형이동수단(PM),남,26세,상해없음,보행자,여,30세,경상,"[209569.1932179, 445214.50896024]",EPSG:5181
2021011700100198,2021년 1월 17일 18시,일요일,서울특별시 강남구 논현동,,경상사고,0,0,1,0,차대사람 - 보도통행중,안전운전불이행,-,맑음,기타 - 기타,개인형이동수단(PM),남,34세,상해없음,보행자,여,48세,경상,"[202131.5358183, 446477.50152318]",EPSG:5181
2021011700100276,2021년 1월 17일 21시,일요일,서울특별시 마포구 서교동,,경상사고,0,0,1,0,차대사람 - 기타,안전운전불이행,-,맑음,단일로 - 기타,개인형이동수단(PM),남,20세,상해없음,보행자,여,19세,경상,"[193126.75661391, 450483.19461556]",EPSG:5181
2021011800100231,2021년 1월 18일 16시,월요일,서울특별시 중랑구 면목동,,경상사고,0,0,1,0,차대사람 - 기타,신호위반,-,맑음,교차로 - 교차로부근,개인형이동수단(PM),여,49세,상해없음,보행자,여,86세,경상,"[207440.09823175, 454101.73982436]",EPSG:5181
2021012100100066,2021년 1월 21일 08시,목요일,서울특별시 양천구 목동,,경상사고,0,0,1,0,차대사람 - 기타,기타,-,맑음,기타 - 기타,개인형이동수단(PM),여,21세,상해없음,보행자,여,42세,경상,"[188999.70180203, 447188.00453673]",EPSG:5181
2021012100100094,2021년 1월 21일 09시,목요일,서울특별시 강남구 역삼동,,경상사고,0,0,1,0,차대사람 - 기타,안전운전불이행,-,맑음,단일로 - 기타,개인형이동수단(PM),여,30세,상해없음,보행자,여,35세,경상,"[202594.98539429, 444356.13021042]",EPSG:5181
2021012300100010,2021년 1월 23일 01시,토요일,서울특별시 서대문구 북가좌동,,부상신고사고,0,0,0,1,차대차 - 측면충돌,교차로운행방법위반,-,맑음,교차로 - 교차로안,개인형이동수단(PM),남,27세,상해없음,승용,남,69세,상해없음,"[192026.70791769, 453609.53813695]",EPSG:5181
2021012400100234,2021년 1월 24일 18시,일요일,서울특별시 강남구 논현동,,경상사고,0,0,1,0,차대차 - 기타,안전운전불이행,-,맑음,단일로 - 기타,개인형이동수단(PM),남,31세,경상,승용,남,25세,상해없음,"[202349.81686639, 445311.20325704]",EPSG:5181
2021012400100324,2021년 1월 24일 21시,일요일,서울특별시 강남구 역삼동,,경상사고,0,0,1,0,차대차 - 기타,안전운전불이행,-,맑음,교차로 - 교차로횡단보도내,개인형이동수단(PM),남,19세,상해없음,이륜,여,52세,경상,"[203118.59351414, 443903.73274478]",EPSG:5181
2021012500100460,2021년 1월 25일 19시,월요일,서울특별시 서초구 서초동,,경상사고,0,0,1,0,차대사람 - 횡단중,보행자보호의무위반,-,맑음,교차로 - 교차로횡단보도내,개인형이동수단(PM),남,40세,기타불명,보행자,여,29세,경상,"[202489.37057253, 444087.4638423]",EPSG:5181
2021012600100293,2021년 1월 26일 15시,화요일,서울특별시 강동구 명일동,,경상사고,0,0,1,0,차대차 - 측면충돌,안전운전불이행,-,맑음,단일로 - 기타,개인형이동수단(PM),여,22세,상해없음,이륜,남,34세,경상,"[212799.86349931, 449661.46416866]",EPSG:5181
2021012700100486,2021년 1월 27일 21시,수요일,서울특별시 강서구 방화동,,경상사고,0,0,1,0,차대차 - 추돌,안전운전불이행,-,맑음,기타 - 기타,개인형이동수단(PM),남,30세,상해없음,자전거,남,38세,경상,"[184094.80107235, 453969.47014405]",EPSG:5181
2021012900100077,2021년 1월 29일 08시,금요일,서울특별시 송파구 가락동,,경상사고,0,0,1,0,차대차 - 측면충돌,안전운전불이행,-,맑음,교차로 - 교차로안,개인형이동수단(PM),남,31세,경상,승용,남,42세,상해없음,"[211079.92348803, 443872.99327353]",EPSG:5181
2021012900100116,2021년 1월 29일 09시,금요일,서울특별시 마포구 동교동,,경상사고,0,0,1,0,차대사람 - 차도통행중,안전운전불이행,-,맑음,교차로 - 교차로안,개인형이동수단(PM),여,29세,상해없음,보행자,여,27세,경상,"[193156.76708527, 451047.57015874]",EPSG:5181
2021012900100298,2021년 1월 29일 15시,금요일,서울특별시 마포구 합정동,,중상사고,0,1,1,0,차대사람 - 기타,안전운전불이행,-,맑음,교차로 - 교차로부근,개인형이동수단(PM),여,21세,상해없음,보행자,여,26세,경상,"[192662.24611444, 449793.46119684]",EPSG:5181
2021013000100405,2021년 1월 30일 19시,토요일,서울특별시 송파구 가락동,,경상사고,0,0,1,0,차대차 - 기타,안전운전불이행,-,맑음,단일로 - 기타,개인형이동수단(PM),남,31세,경상,기타불명,기타불명,미분류,기타불명,"[210980.23148626, 443807.4375859]",EPSG:5181
2021013100100256,2021년 1월 31일 18시,일요일,서울특별시 성동구 사근동,,경상사고,0,0,1,0,차대차 - 기타,안전운전불이행,-,맑음,단일로 - 기타,개인형이동수단(PM),여,23세,경상,승용,남,58세,상해없음,"[204034.84601629, 451263.50110506]",EPSG:5181
2021020100100284,2021년 2월 1일 17시,월요일,서울특별시 송파구 송파동,,부상신고사고,0,0,0,1,차대사람 - 기타,안전운전불이행,-,맑음,단일로 - 기타,개인형이동수단(PM),남,20세,상해없음,보행자,여,58세,부상신고,"[209548.20665913, 445210.39584982]",EPSG:5181
2021020200100281,2021년 2월 2일 16시,화요일,서울특별시 마포구 서교동,,부상신고사고,0,0,0,1,차대사람 - 길가장자리구역통행중,안전운전불이행,-,맑음,단일로 - 기타,개인형이동수단(PM),여,31세,기타불명,보행자,여,18세,부상신고,"[193045.24896177, 450196.65161377]",EPSG:5181
2021020200100378,2021년 2월 2일 19시,화요일,서울특별시 강남구 역삼동,,경상사고,0,0,1,0,차대차 - 기타,안전운전불이행,-,맑음,단일로 - 기타,개인형이동수단(PM),남,27세,상해없음,이륜,남,28세,경상,"[203115.57331755, 445037.16264239]",EPSG:5181
2021020600100299,2021년 2월 6일 17시,토요일,서울특별시 서대문구 연희동,,부상신고사고,0,0,0,1,차대차 - 측면충돌,신호위반,-,흐림,교차로 - 교차로안,개인형이동수단(PM),남,32세,부상신고,승용,남,46세,상해없음,"[193518.38718914, 452837.17872426]",EPSG:5181
2021020600100383,2021년 2월 6일 19시,토요일,서울특별시 송파구 거여동,,경상사고,0,0,1,1,차대차 - 측면충돌,안전운전불이행,-,맑음,단일로 - 기타,개인형이동수단(PM),남,24세,부상신고,자전거,여,23세,경상,"[212472.73483989, 444202.52168025]",EPSG:5181
2021020700100003,2021년 2월 7일 00시,일요일,서울특별시 송파구 잠실동,,부상신고사고,0,0,0,1,차대차 - 측면충돌,직진우회전진행방해,-,맑음,교차로 - 교차로안,개인형이동수단(PM),남,23세,부상신고,승용,남,53세,상해없음,"[207524.47793743, 445383.71647876]",EPSG:5181
2021020700100303,2021년 2월 7일 19시,일요일,서울특별시 서초구 잠원동,,경상사고,0,0,2,0,차대차 - 기타,안전운전불이행,-,맑음,단일로 - 기타,개인형이동수단(PM),여,19세,경상,승용,여,46세,상해없음,"[201469.51643614, 446055.8192961]",EPSG:5181
2021020800100339,2021년 2월 8일 15시,월요일,서울특별시 구로구 온수동,,부상신고사고,0,0,0,1,차대차 - 측면충돌,기타,-,맑음,기타 - 기타,개인형이동수단(PM),여,51세,부상신고,승용,남,60세,상해없음,"[184545.07985415, 443412.92547105]",EPSG:5181
2021021300100241,2021년 2월 13일 18시,토요일,서울특별시 강남구 신사동,,경상사고,0,0,1,0,차대사람 - 길가장자리구역통행중,안전운전불이행,-,맑음,단일로 - 기타,개인형이동수단(PM),남,19세,상해없음,보행자,여,24세,경상,"[202140.93867239, 446590.59585537]",EPSG:5181
2021021300100358,2021년 2월 13일 22시,토요일,서울특별시 광진구 군자동,,경상사고,0,0,1,0,차대사람 - 보도통행중,기타,-,맑음,단일로 - 기타,개인형이동수단(PM),남,22세,상해없음,보행자,남,4세,경상,"[206162.98445696, 450267.42286408]",EPSG:5181
2021021400100048,2021년 2월 14일 11시,일요일,서울특별시 서초구 서초동,,경상사고,0,0,1,0,차대차 - 기타,안전운전불이행,-,맑음,단일로 - 기타,개인형이동수단(PM),남,27세,경상,승용,남,41세,상해없음,"[202745.15019596, 443394.54970507]",EPSG:5181
2021021500100163,2021년 2월 15일 13시,월요일,서울특별시 광진구 구의동,,경상사고,0,0,1,0,차대사람 - 길가장자리구역통행중,안전운전불이행,-,맑음,기타 - 기타,개인형이동수단(PM),남,49세,상해없음,보행자,여,36세,경상,"[207676.66412409, 448747.86517253]",EPSG:5181
2021021500100192,2021년 2월 15일 14시,월요일,서울특별시 송파구 석촌동,,부상신고사고,0,0,0,1,차대차 - 측면충돌,안전운전불이행,-,맑음,단일로 - 기타,개인형이동수단(PM),남,44세,부상신고,화물,남,44세,상해없음,"[209282.44669191, 444956.88290764]",EPSG:5181
2021021800100480,2021년 2월 18일 21시,목요일,서울특별시 영등포구 대림동,,부상신고사고,0,0,0,1,차대사람 - 기타,안전운전불이행,-,맑음,교차로 - 교차로안,개인형이동수단(PM),남,19세,상해없음,보행자,여,31세,부상신고,"[191678.37882273, 443674.89931137]",EPSG:5181
2021021900100205,2021년 2월 19일 12시,금요일,서울특별시 광진구 군자동,,중상사고,0,1,0,0,차량단독 - 전도전복 - 전도,안전운전불이행,-,맑음,단일로 - 기타,개인형이동수단(PM),남,26세,중상,,,,,"[206423.81465863, 450883.05409184]",EPSG:5181
2021022100100324,2021년 2월 21일 19시,일요일,서울특별시 강남구 논현동,,경상사고,0,0,1,0,차대차 - 기타,안전운전불이행,-,기타,단일로 - 지하차도(도로)내,개인형이동수단(PM),여,48세,경상,승용,남,31세,상해없음,"[202859.7507904, 445926.15348009]",EPSG:5181
2021022200100112,2021년 2월 22일 09시,월요일,서울특별시 성동구 성수동2가,,경상사고,0,0,1,0,차대차 - 측면충돌,안전운전불이행,-,맑음,교차로 - 교차로안,개인형이동수단(PM),남,19세,상해없음,자전거,남,48세,경상,"[205695.26367432, 449427.60330345]",EPSG:5181
2021022500100238,2021년 2월 25일 15시,목요일,서울특별시 동대문구 제기동,,부상신고사고,0,0,0,1,차대차 - 기타,안전운전불이행,-,맑음,단일로 - 기타,개인형이동수단(PM),남,57세,부상신고,승용,남,71세,상해없음,"[203576.99800809, 453645.00473371]",EPSG:5181
2021022500100340,2021년 2월 25일 18시,목요일,서울특별시 동대문구 장안동,,경상사고,0,0,1,0,차대차 - 기타,안전운전불이행,-,맑음,단일로 - 기타,개인형이동수단(PM),남,25세,경상,승합,남,55세,상해없음,"[206168.51658876, 452424.30820349]",EPSG:5181
2021030200100095,2021년 3월 2일 09시,화요일,서울특별시 강남구 청담동,,경상사고,0,0,1,0,차대사람 - 보도통행중,기타,-,맑음,기타 - 기타,개인형이동수단(PM),여,26세,상해없음,보행자,여,26세,경상,"[204368.83852665, 446774.50472613]",EPSG:5181
2021030300100117,2021년 3월 3일 09시,수요일,서울특별시 광진구 화양동,,중상사고,0,1,0,0,차대사람 - 기타,안전운전불이행,-,맑음,단일로 - 기타,개인형이동수단(PM),여,23세,상해없음,보행자,남,20세,중상,"[206470.53249972, 448870.50322933]",EPSG:5181
2021030500100238,2021년 3월 5일 13시,금요일,서울특별시 송파구 방이동,,중상사고,0,1,0,0,차대사람 - 보도통행중,안전운전불이행,-,맑음,단일로 - 기타,개인형이동수단(PM),남,49세,상해없음,보행자,남,18세,중상,"[209984.0826093, 446396.1862762]",EPSG:5181
2021030800100071,2021년 3월 8일 08시,월요일,서울특별시 광진구 자양동,,경상사고,0,0,1,0,차대사람 - 기타,안전운전불이행,-,맑음,단일로 - 기타,개인형이동수단(PM),남,30세,상해없음,보행자,남,52세,경상,"[205665.8524349, 448562.10399424]",EPSG:5181
2021030800100136,2021년 3월 8일 09시,월요일,서울특별시 송파구 잠실동,,부상신고사고,0,0,0,1,차대차 - 기타,신호위반,-,맑음,교차로 - 교차로안,개인형이동수단(PM),여,30세,부상신고,승용,남,60세,상해없음,"[207197.01569247, 445257.92715063]",EPSG:5181
2021030900100399,2021년 3월 9일 19시,화요일,서울특별시 구로구 가리봉동,,부상신고사고,0,0,0,1,차대차 - 기타,중앙선침범,-,맑음,교차로 - 교차로안,개인형이동수단(PM),남,31세,부상신고,승용,남,54세,기타불명,"[190285.64783478, 442205.94690148]",EPSG:5181
2021031000100496,2021년 3월 10일 20시,수요일,서울특별시 중랑구 묵동,,경상사고,0,0,1,0,차대차 - 측면충돌,안전운전불이행,-,맑음,교차로 - 교차로안,개인형이동수단(PM),남,44세,경상,화물,남,45세,상해없음,"[206891.07058281, 457071.99969085]",EPSG:5181
2021031100100022,2021년 3월 11일 03시,목요일,서울특별시 송파구 석촌동,,중상사고,0,1,0,0,차량단독 - 기타,안전운전불이행,-,맑음,단일로 - 기타,개인형이동수단(PM),여,28세,중상,,,,,"[209138.77912725, 445448.31647708]",EPSG:5181
2021031100100340,2021년 3월 11일 17시,목요일,서울특별시 강남구 논현동,,중상사고,0,1,0,0,차대차 - 기타,안전운전불이행,-,맑음,단일로 - 기타,개인형이동수단(PM),여,29세,중상,승용,남,23세,상해없음,"[203675.09835777, 446297.63100869]",EPSG:5181
2021031100100544,2021년 3월 11일 23시,목요일,서울특별시 중구 흥인동,,중상사고,0,1,0,0,차대사람 - 횡단중,신호위반,-,맑음,교차로 - 교차로횡단보도내,개인형이동수단(PM),남,33세,상해없음,보행자,여,54세,중상,"[201423.64215427, 452236.99646211]",EPSG:5181
2021031100100546,2021년 3월 11일 23시,목요일,서울특별시 강남구 논현동,,중상사고,0,1,0,0,차대차 - 측면충돌,기타,-,맑음,교차로 - 교차로안,개인형이동수단(PM),남,25세,중상,승합,남,33세,상해없음,"[202481.68015025, 446664.43513281]",EPSG:5181
2021031300100292,2021년 3월 13일 15시,토요일,서울특별시 마포구 서교동,,경상사고,0,0,1,0,차대사람 - 차도통행중,안전운전불이행,-,맑음,단일로 - 기타,개인형이동수단(PM),남,23세,상해없음,보행자,여,32세,경상,"[192928.89386671, 450066.98339038]",EPSG:5181
2021031300100393,2021년 3월 13일 18시,토요일,서울특별시 서초구 잠원동,,중상사고,0,1,0,0,차대사람 - 기타,안전운전불이행,-,맑음,교차로 - 교차로부근,개인형이동수단(PM),남,19세,상해없음,보행자,여,62세,중상,"[200726.33874998, 446411.0102278]",EPSG:5181
2021031300100502,2021년 3월 13일 22시,토요일,서울특별시 마포구 상수동,,경상사고,0,0,1,0,차대사람 - 횡단중,안전운전불이행,-,맑음,교차로 - 교차로부근,개인형이동수단(PM),남,19세,상해없음,보행자,남,28세,경상,"[193195.59467858, 449954.35824098]",EPSG:5181
2021031400100378,2021년 3월 14일 22시,일요일,서울특별시 마포구 서교동,,경상사고,0,0,1,0,차대차 - 정면충돌,안전운전불이행,-,흐림,교차로 - 교차로부근,개인형이동수단(PM),여,32세,경상,이륜,남,53세,상해없음,"[192671.54754631, 450489.77673889]",EPSG:5181
2021031500100360,2021년 3월 15일 17시,월요일,서울특별시 노원구 상계동,,경상사고,0,0,2,0,차대차 - 측면충돌,안전운전불이행,-,맑음,교차로 - 교차로부근,개인형이동수단(PM),남,31세,경상,승용,여,54세,경상,"[205220.70852138, 461708.94223036]",EPSG:5181
2021031900100352,2021년 3월 19일 16시,금요일,서울특별시 강동구 암사동,,경상사고,0,0,1,0,차대사람 - 기타,기타,-,맑음,단일로 - 기타,개인형이동수단(PM),여,15세,기타불명,보행자,여,70세,경상,"[211255.81155939, 450118.43986863]",EPSG:5181
2021032000100020,2021년 3월 20일 02시,토요일,서울특별시 강남구 청담동,,경상사고,0,0,1,0,차량단독 - 기타,신호위반,-,맑음,단일로 - 기타,개인형이동수단(PM),남,40세,경상,,,,,"[204300.17554683, 446894.1871695]",EPSG:5181
2021032200100007,2021년 3월 22일 02시,월요일,서울특별시 동작구 대방동,,부상신고사고,0,0,0,1,차대차 - 기타,기타,-,맑음,교차로 - 교차로횡단보도내,개인형이동수단(PM),남,33세,부상신고,승용,남,65세,상해없음,"[193659.32944003, 444391.69218941]",EPSG:5181
2021032300100122,2021년 3월 23일 10시,화요일,서울특별시 송파구 마천동,,중상사고,0,1,0,0,차대사람 - 길가장자리구역통행중,안전운전불이행,-,맑음,단일로 - 기타,개인형이동수단(PM),여,51세,상해없음,보행자,남,43세,중상,"[213492.53656655, 443940.83095662]",EPSG:5181
2021032300100181,2021년 3월 23일 12시,화요일,서울특별시 송파구 석촌동,,경상사고,0,0,1,0,차대차 - 측면충돌,교차로운행방법위반,-,맑음,교차로 - 교차로안,개인형이동수단(PM),남,19세,경상,승용,남,49세,상해없음,"[209001.63675376, 445276.51936043]",EPSG:5181
2021032300100212,2021년 3월 23일 13시,화요일,서울특별시 강남구 대치동,,경상사고,0,0,1,0,차대차 - 측면충돌,안전운전불이행,-,맑음,교차로 - 교차로부근,개인형이동수단(PM),남,24세,상해없음,이륜,남,26세,경상,"[204886.87428525, 444735.45081213]",EPSG:5181
2021032400100455,2021년 3월 24일 19시,수요일,서울특별시 송파구 방이동,,경상사고,0,0,1,0,차대차 - 기타,안전운전불이행,-,맑음,교차로 - 교차로부근,개인형이동수단(PM),여,25세,상해없음,자전거,남,38세,경상,"[209998.01066003, 445846.03968996]",EPSG:5181
2021032400100536,2021년 3월 24일 22시,수요일,서울특별시 강서구 내발산동,,경상사고,0,0,1,0,차대사람 - 보도통행중,기타,-,맑음,기타 - 기타,개인형이동수단(PM),남,28세,기타불명,보행자,여,60세,경상,"[186219.77104186, 450928.63629834]",EPSG:5181
2021032500100227,2021년 3월 25일 13시,목요일,서울특별시 양천구 신월동,,경상사고,0,0,1,0,차대사람 - 기타,안전운전불이행,-,맑음,교차로 - 교차로안,개인형이동수단(PM),남,22세,상해없음,보행자,남,80세,경상,"[185266.91834961, 448764.75985787]",EPSG:5181
2021032500100578,2021년 3월 25일 22시,목요일,서울특별시 송파구 송파동,,중상사고,0,1,0,0,차대차 - 정면충돌,중앙선침범,-,맑음,단일로 - 기타,개인형이동수단(PM),여,19세,상해없음,자전거,남,37세,중상,"[210451.60365249, 444638.96455605]",EPSG:5181
2021032600100069,2021년 3월 26일 08시,금요일,서울특별시 서초구 잠원동,,중상사고,0,1,0,1,차대사람 - 차도통행중,안전운전불이행,-,맑음,단일로 - 기타,개인형이동수단(PM),남,36세,부상신고,보행자,여,51세,중상,"[201141.134761, 446856.38814476]",EPSG:5181
2021032600100540,2021년 3월 26일 20시,금요일,서울특별시 중랑구 중화동,,부상신고사고,0,0,0,1,차대차 - 기타,안전운전불이행,-,맑음,교차로 - 교차로횡단보도내,개인형이동수단(PM),남,27세,부상신고,승용,남,72세,상해없음,"[206889.95073431, 455779.47972787]",EPSG:5181
2021032800100416,2021년 3월 28일 22시,일요일,서울특별시 서초구 방배동,,중상사고,0,1,0,1,차대차 - 측면충돌,안전운전불이행,-,비,단일로 - 기타,개인형이동수단(PM),여,16세,중상,승용,남,34세,상해없음,"[199280.48609729, 443076.03081446]",EPSG:5181
2021032900100281,2021년 3월 29일 13시,월요일,서울특별시 노원구 상계동,,경상사고,0,0,2,0,차대차 - 정면충돌,안전운전불이행,-,맑음,단일로 - 기타,개인형이동수단(PM),여,19세,경상,자전거,남,35세,경상,"[204596.74727171, 462405.89250748]",EPSG:5181
2021032900100344,2021년 3월 29일 15시,월요일,서울특별시 서초구 서초동,,부상신고사고,0,0,0,1,차대차 - 측면충돌,신호위반,-,맑음,교차로 - 교차로안,개인형이동수단(PM),남,16세,부상신고,승용,여,39세,상해없음,"[201879.99129468, 442983.79529018]",EPSG:5181
2021032900100490,2021년 3월 29일 19시,월요일,서울특별시 강남구 신사동,,경상사고,0,0,1,0,차대사람 - 기타,기타,-,맑음,기타 - 기타,개인형이동수단(PM),남,13세,상해없음,보행자,여,40세,경상,"[202336.77905318, 447387.94936319]",EPSG:5181
2021032900100514,2021년 3월 29일 20시,월요일,서울특별시 영등포구 당산동3가,,경상사고,0,0,1,0,차대차 - 기타,신호위반,-,맑음,단일로 - 기타,개인형이동수단(PM),남,41세,경상,이륜,남,44세,상해없음,"[190613.05038041, 447425.66743381]",EPSG:5181
2021033000100618,2021년 3월 30일 23시,화요일,서울특별시 서대문구 창천동,,경상사고,0,0,1,0,차대사람 - 기타,안전운전불이행,-,맑음,교차로 - 교차로안,개인형이동수단(PM),남,20세,기타불명,보행자,여,20세,경상,"[194204.54338214, 450789.04269457]",EPSG:5181
2021033000100620,2021년 3월 30일 23시,화요일,서울특별시 서초구 서초동,,중상사고,0,1,1,0,차대차 - 기타,불법유턴,-,맑음,교차로 - 교차로횡단보도내,개인형이동수단(PM),남,36세,중상,승용,남,37세,상해없음,"[202133.36919685, 445002.93266688]",EPSG:5181
2021040100100020,2021년 4월 1일 02시,목요일,서울특별시 용산구 이촌동,,경상사고,0,0,1,0,차대차 - 기타,안전운전불이행,-,맑음,기타 - 기타,개인형이동수단(PM),남,39세,기타불명,자전거,남,34세,경상,"[196496.11451308, 446896.72434754]",EPSG:5181
2021040100100074,2021년 4월 1일 08시,목요일,서울특별시 영등포구 양평동1가,,경상사고,0,0,1,0,차대사람 - 보도통행중,기타,-,맑음,기타 - 기타,개인형이동수단(PM),남,26세,상해없음,보행자,여,36세,경상,"[189977.92162417, 447028.14174972]",EPSG:5181
2021040100100367,2021년 4월 1일 16시,목요일,서울특별시 서대문구 연희동,,부상신고사고,0,0,0,1,차대사람 - 기타,안전운전불이행,-,맑음,단일로 - 기타,개인형이동수단(PM),여,19세,상해없음,보행자,여,52세,부상신고,"[193684.84490355, 452951.10788785]",EPSG:5181
2021040100100406,2021년 4월 1일 17시,목요일,서울특별시 광진구 군자동,,경상사고,0,0,2,0,차대사람 - 기타,보행자보호의무위반,-,맑음,단일로 - 기타,개인형이동수단(PM),남,28세,상해없음,보행자,여,26세,경상,"[206380.50084467, 450374.62189923]",EPSG:5181
2021040400100205,2021년 4월 4일 15시,일요일,서울특별시 강북구 번동,,경상사고,0,0,1,0,차대사람 - 횡단중,안전운전불이행,-,맑음,단일로 - 기타,개인형이동수단(PM),남,26세,상해없음,보행자,여,62세,경상,"[202766.18042113, 459937.16490143]",EPSG:5181
2021040500100304,2021년 4월 5일 14시,월요일,서울특별시 강남구 논현동,,경상사고,0,0,1,0,차대사람 - 기타,안전운전불이행,-,맑음,단일로 - 기타,개인형이동수단(PM),남,14세,상해없음,보행자,여,53세,경상,"[202781.36082331, 445993.7636476]",EPSG:5181
2021040500100643,2021년 4월 5일 22시,월요일,서울특별시 강남구 삼성동,,경상사고,0,0,1,0,차대사람 - 기타,안전운전불이행,-,맑음,단일로 - 기타,개인형이동수단(PM),남,20세,상해없음,보행자,남,38세,경상,"[204814.42069977, 445380.32094517]",EPSG:5181
2021040600100191,2021년 4월 6일 12시,화요일,서울특별시 동작구 상도1동,,중상사고,0,1,0,0,차대차 - 측면충돌,안전운전불이행,-,맑음,교차로 - 교차로횡단보도내,개인형이동수단(PM),남,20세,중상,승용,남,68세,상해없음,"[195371.23444605, 444909.98272829]",EPSG:5181
2021040600100286,2021년 4월 6일 15시,화요일,서울특별시 강북구 번동,,중상사고,0,1,0,0,차대사람 - 기타,안전운전불이행,-,맑음,단일로 - 기타,개인형이동수단(PM),남,24세,상해없음,보행자,여,61세,중상,"[203329.48046017, 459547.01208552]",EPSG:5181
2021040800100296,2021년 4월 8일 14시,목요일,서울특별시 도봉구 창동,,부상신고사고,0,0,0,1,차대차 - 측면충돌,신호위반,-,맑음,교차로 - 교차로안,개인형이동수단(PM),여,19세,부상신고,승용,남,67세,상해없음,"[204177.57762439, 461093.14011192]",EPSG:5181
2021040900100075,2021년 4월 9일 08시,금요일,서울특별시 은평구 갈현동,,경상사고,0,0,1,0,차대차 - 측면충돌,중앙선침범,-,맑음,교차로 - 교차로안,개인형이동수단(PM),여,27세,경상,승용,남,30세,상해없음,"[191980.10247128, 457289.69399985]",EPSG:5181
2021040900100359,2021년 4월 9일 16시,금요일,서울특별시 관악구 봉천동,,경상사고,0,0,1,0,차대사람 - 기타,안전운전불이행,-,맑음,단일로 - 기타,개인형이동수단(PM),남,17세,상해없음,보행자,여,26세,경상,"[194020.17171412, 443129.12419454]",EPSG:5181
2021040900100549,2021년 4월 9일 20시,금요일,서울특별시 강남구 삼성동,,경상사고,0,0,1,0,차대사람 - 횡단중,신호위반,-,맑음,단일로 - 기타,개인형이동수단(PM),남,35세,상해없음,보행자,남,34세,경상,"[204660.58100699, 445150.4129965]",EPSG:5181
2021040900100550,2021년 4월 9일 20시,금요일,서울특별시 강남구 삼성동,,중상사고,0,1,0,0,차대차 - 기타,안전운전불이행,-,기타,교차로 - 교차로부근,개인형이동수단(PM),남,40세,중상,승용,남,50세,상해없음,"[204554.95779402, 445259.89526151]",EPSG:5181
2021040900100612,2021년 4월 9일 22시,금요일,서울특별시 송파구 석촌동,,중상사고,0,1,0,1,차대차 - 측면충돌,안전운전불이행,-,맑음,단일로 - 기타,개인형이동수단(PM),여,20세,부상신고,이륜,남,48세,중상,"[208571.44576922, 444526.93513838]",EPSG:5181
2021041000100192,2021년 4월 10일 12시,토요일,서울특별시 중랑구 망우동,,경상사고,0,0,1,0,차대사람 - 기타,안전운전불이행,-,맑음,교차로 - 교차로안,개인형이동수단(PM),남,32세,상해없음,보행자,여,21세,경상,"[208885.32348241, 455671.05711552]",EPSG:5181
2021041300100234,2021년 4월 13일 13시,화요일,서울특별시 강서구 마곡동,,경상사고,0,0,1,0,차대차 - 기타,신호위반,-,맑음,교차로 - 교차로안,개인형이동수단(PM),남,38세,경상,승용,남,31세,상해없음,"[185712.68014674, 451286.07364594]",EPSG:5181
2021041300100395,2021년 4월 13일 17시,화요일,서울특별시 동작구 대방동,,경상사고,0,0,1,0,차대차 - 기타,기타,-,맑음,교차로 - 교차로부근,개인형이동수단(PM),남,19세,경상,이륜,남,39세,상해없음,"[193076.74805067, 444835.76827581]",EPSG:5181
2021041300100399,2021년 4월 13일 17시,화요일,서울특별시 송파구 가락동,,경상사고,0,0,1,0,차대차 - 기타,신호위반,-,맑음,교차로 - 교차로안,개인형이동수단(PM),남,19세,경상,승용,남,38세,상해없음,"[211108.5503578, 443757.09866901]",EPSG:5181
2021041300100491,2021년 4월 13일 19시,화요일,서울특별시 성북구 동선동4가,,부상신고사고,0,0,0,1,차대사람 - 보도통행중,기타,-,맑음,기타 - 기타,개인형이동수단(PM),기타불명,미분류,기타불명,보행자,여,17세,부상신고,"[201447.55705235, 454886.16141137]",EPSG:5181
2021041300100590,2021년 4월 13일 22시,화요일,서울특별시 강남구 역삼동,,경상사고,0,0,1,0,차대사람 - 기타,안전운전불이행,-,맑음,단일로 - 기타,개인형이동수단(PM),여,19세,상해없음,보행자,여,17세,경상,"[202976.07256267, 444556.23260138]",EPSG:5181
2021041500100135,2021년 4월 15일 10시,목요일,서울특별시 성동구 성수동1가,,경상사고,0,0,2,0,차대차 - 기타,안전운전불이행,-,맑음,교차로 - 교차로횡단보도내,개인형이동수단(PM),여,36세,경상,자전거,여,73세,경상,"[203964.47962909, 449634.48437959]",EPSG:5181
2021041500100517,2021년 4월 15일 20시,목요일,서울특별시 마포구 동교동,,중상사고,0,1,0,0,차대차 - 측면충돌,불법유턴,-,맑음,단일로 - 기타,개인형이동수단(PM),여,38세,중상,승용,남,63세,상해없음,"[193455.23997044, 450980.13152105]",EPSG:5181
2021041600100039,2021년 4월 16일 06시,금요일,서울특별시 송파구 잠실동,,부상신고사고,0,0,0,1,차대차 - 측면충돌,안전운전불이행,-,맑음,기타 - 기타,개인형이동수단(PM),여,20세,부상신고,승용,여,37세,상해없음,"[208594.42281379, 445474.43559389]",EPSG:5181
2021041600100314,2021년 4월 16일 16시,금요일,서울특별시 강남구 역삼동,,부상신고사고,0,0,0,1,차량단독 - 전도전복 - 전도,안전운전불이행,-,맑음,단일로 - 기타,개인형이동수단(PM),남,29세,부상신고,,,,,"[202766.0186067, 443985.89292782]",EPSG:5181
2021041600100541,2021년 4월 16일 22시,금요일,서울특별시 서초구 잠원동,,중상사고,0,1,0,0,차대차 - 측면충돌,불법유턴,-,맑음,교차로 - 교차로안,개인형이동수단(PM),남,47세,중상,승용,여,64세,상해없음,"[201071.96903653, 446317.809951]",EPSG:5181
2021041600100582,2021년 4월 16일 23시,금요일,서울특별시 서초구 반포동,,중상사고,0,1,1,1,차대차 - 측면충돌,직진우회전진행방해,-,맑음,교차로 - 교차로안,개인형이동수단(PM),남,56세,부상신고,승용,남,57세,상해없음,"[201855.09474933, 445410.61458483]",EPSG:5181
2021041700100231,2021년 4월 17일 13시,토요일,서울특별시 성북구 상월곡동,,중상사고,0,1,0,0,차대사람 - 보도통행중,기타,-,맑음,단일로 - 기타,개인형이동수단(PM),남,24세,상해없음,보행자,남,29세,중상,"[204063.57352958, 456203.60309965]",EPSG:5181
2021041700100562,2021년 4월 17일 22시,토요일,서울특별시 영등포구 양평동1가,,경상사고,0,0,1,0,차대차 - 정면충돌,중앙선침범,-,맑음,단일로 - 기타,개인형이동수단(PM),남,16세,경상,승용,남,38세,상해없음,"[190376.36982936, 446972.2376334]",EPSG:5181
2021041900100160,2021년 4월 19일 10시,월요일,서울특별시 강동구 천호동,,경상사고,0,0,1,0,차대차 - 측면충돌,안전운전불이행,-,맑음,단일로 - 기타,개인형이동수단(PM),남,31세,상해없음,자전거,여,31세,경상,"[210722.1173367, 450020.56316037]",EPSG:5181
2021042000100002,2021년 4월 20일 00시,화요일,서울특별시 강동구 고덕동,,중상사고,0,1,0,0,차량단독 - 기타,안전운전불이행,-,맑음,교차로 - 교차로횡단보도내,개인형이동수단(PM),남,48세,중상,,,,,"[215090.16878189, 451095.22222584]",EPSG:5181
2021042100100359,2021년 4월 21일 16시,수요일,서울특별시 강남구 삼성동,,경상사고,0,0,1,0,차대사람 - 차도통행중,안전운전불이행,-,맑음,단일로 - 기타,개인형이동수단(PM),남,23세,상해없음,보행자,남,63세,경상,"[204452.387751, 445171.31550297]",EPSG:5181
2021042100100542,2021년 4월 21일 20시,수요일,서울특별시 관악구 신림동,,경상사고,0,0,1,0,차대차 - 측면충돌,안전운전불이행,-,맑음,교차로 - 교차로부근,개인형이동수단(PM),남,34세,경상,화물,남,41세,상해없음,"[191274.71069885, 442453.29108711]",EPSG:5181
2021042100100575,2021년 4월 21일 21시,수요일,서울특별시 강북구 번동,,경상사고,0,0,1,0,차대사람 - 기타,안전운전불이행,-,맑음,기타 - 기타,개인형이동수단(PM),남,12세,상해없음,보행자,여,31세,경상,"[202756.24216858, 460300.25473306]",EPSG:5181
2021042100100618,2021년 4월 21일 23시,수요일,서울특별시 강북구 미아동,,경상사고,0,0,1,0,차대사람 - 기타,안전운전불이행,-,맑음,교차로 - 교차로부근,개인형이동수단(PM),남,22세,상해없음,보행자,남,27세,경상,"[202873.83536757, 457005.58532239]",EPSG:5181
2021042200100349,2021년 4월 22일 16시,목요일,서울특별시 서초구 방배동,,경상사고,0,0,1,0,차대차 - 추돌,안전운전불이행,-,맑음,기타 - 기타,개인형이동수단(PM),남,22세,경상,화물,남,34세,상해없음,"[199928.70694499, 442140.10723122]",EPSG:5181
2021042200100554,2021년 4월 22일 22시,목요일,서울특별시 마포구 서교동,,경상사고,0,0,1,0,차대차 - 정면충돌,안전운전불이행,-,맑음,기타 - 기타,개인형이동수단(PM),남,27세,상해없음,이륜,남,35세,경상,"[193098.25714695, 450387.00627841]",EPSG:5181
2021042300100423,2021년 4월 23일 17시,금요일,서울특별시 강서구 화곡동,,경상사고,0,0,1,0,차대사람 - 길가장자리구역통행중,안전운전불이행,-,맑음,단일로 - 기타,개인형이동수단(PM),기타불명,미분류,기타불명,보행자,여,25세,경상,"[186780.84017207, 447945.49903021]",EPSG:5181
2021042300100458,2021년 4월 23일 18시,금요일,서울특별시 강남구 역삼동,,경상사고,0,0,1,0,차대차 - 기타,안전운전불이행,-,맑음,기타 - 기타,개인형이동수단(PM),남,22세,상해없음,자전거,남,34세,경상,"[203951.66338361, 445458.7694213]",EPSG:5181
2021042400100036,2021년 4월 24일 03시,토요일,서울특별시 강남구 논현동,,부상신고사고,0,0,0,1,차량단독 - 전도전복 - 전도,기타,-,흐림,단일로 - 기타,개인형이동수단(PM),남,30세,부상신고,,,,,"[201749.76713052, 446029.29764239]",EPSG:5181
2021042400100092,2021년 4월 24일 09시,토요일,서울특별시 송파구 방이동,,중상사고,0,1,0,0,차대사람 - 보도통행중,기타,-,맑음,단일로 - 기타,개인형이동수단(PM),여,38세,상해없음,보행자,남,34세,중상,"[210975.89540966, 445565.12114161]",EPSG:5181
2021042400100272,2021년 4월 24일 14시,토요일,서울특별시 강남구 역삼동,,경상사고,0,0,1,0,차대차 - 기타,안전운전불이행,-,맑음,단일로 - 기타,개인형이동수단(PM),남,33세,상해없음,이륜,남,20세,경상,"[203356.49714719, 444316.15834039]",EPSG:5181
2021042400100348,2021년 4월 24일 16시,토요일,서울특별시 성북구 삼선동4가,,경상사고,0,0,1,0,차대사람 - 기타,안전운전불이행,-,맑음,단일로 - 기타,개인형이동수단(PM),남,18세,상해없음,보행자,남,28세,경상,"[201294.65757794, 454480.18874526]",EPSG:5181
2021042400100467,2021년 4월 24일 19시,토요일,서울특별시 마포구 대흥동,,경상사고,0,0,1,0,차대사람 - 기타,안전운전불이행,-,맑음,교차로 - 교차로안,개인형이동수단(PM),남,15세,상해없음,보행자,여,66세,경상,"[194878.69255668, 449681.20140876]",EPSG:5181
2021042400100552,2021년 4월 24일 21시,토요일,서울특별시 강남구 역삼동,,경상사고,0,0,2,0,차대사람 - 기타,안전운전불이행,-,맑음,단일로 - 기타,개인형이동수단(PM),남,42세,기타불명,보행자,여,22세,경상,"[202375.25839691, 444665.08469541]",EPSG:5181
2021042500100002,2021년 4월 25일 00시,일요일,서울특별시 송파구 잠실동,,부상신고사고,0,0,0,1,차대차 - 기타,신호위반,-,맑음,교차로 - 교차로안,개인형이동수단(PM),여,18세,상해없음,자전거,여,54세,부상신고,"[207364.9863704, 445087.75154289]",EPSG:5181
2021042500100470,2021년 4월 25일 22시,일요일,서울특별시 강남구 논현동,,경상사고,0,0,2,0,차대차 - 기타,안전운전불이행,-,맑음,교차로 - 교차로안,개인형이동수단(PM),여,25세,경상,승용,남,36세,경상,"[203425.85019498, 446890.5403849]",EPSG:5181
2021042700100403,2021년 4월 27일 18시,화요일,서울특별시 용산구 한강로1가,,부상신고사고,0,0,0,1,차대차 - 기타,중앙선침범,-,맑음,교차로 - 교차로부근,개인형이동수단(PM),남,33세,부상신고,승용,남,43세,상해없음,"[197497.76501452, 448164.53736627]",EPSG:5181
2021042700100488,2021년 4월 27일 20시,화요일,서울특별시 마포구 서교동,,경상사고,0,0,1,0,차대차 - 측면충돌,안전운전불이행,-,맑음,단일로 - 기타,개인형이동수단(PM),남,36세,상해없음,자전거,여,42세,경상,"[192188.96732733, 450564.23922206]",EPSG:5181
2021042800100073,2021년 4월 28일 08시,수요일,서울특별시 성동구 용답동,,경상사고,0,0,1,0,차대사람 - 기타,안전운전불이행,-,맑음,기타 - 기타,개인형이동수단(PM),여,40세,상해없음,보행자,남,21세,경상,"[204573.9104255, 451479.45307195]",EPSG:5181
2021042900100005,2021년 4월 29일 00시,목요일,서울특별시 은평구 진관동,,중상사고,0,1,0,0,차대사람 - 기타,안전운전불이행,-,맑음,기타 - 기타,개인형이동수단(PM),남,31세,상해없음,보행자,여,51세,중상,"[192681.72164468, 459852.40940034]",EPSG:5181
2021042900100160,2021년 4월 29일 11시,목요일,서울특별시 중구 회현동1가,,부상신고사고,0,0,0,1,차대차 - 기타,안전운전불이행,-,맑음,교차로 - 교차로횡단보도내,개인형이동수단(PM),남,29세,부상신고,승용,여,67세,상해없음,"[198380.90983251, 451211.41409938]",EPSG:5181
2021042900100497,2021년 4월 29일 19시,목요일,서울특별시 동대문구 회기동,,경상사고,0,0,1,0,차대사람 - 횡단중,신호위반,-,맑음,교차로 - 교차로안,개인형이동수단(PM),남,27세,상해없음,보행자,여,54세,경상,"[204923.95643737, 454504.51104032]",EPSG:5181
2021043000100681,2021년 4월 30일 23시,금요일,서울특별시 마포구 공덕동,,중상사고,0,1,0,0,차대사람 - 기타,안전운전불이행,-,맑음,단일로 - 기타,개인형이동수단(PM),남,25세,상해없음,보행자,남,36세,중상,"[195321.53647808, 449554.50687592]",EPSG:5181
2021050200100214,2021년 5월 2일 14시,일요일,서울특별시 마포구 합정동,,부상신고사고,0,0,0,1,차대사람 - 보도통행중,안전운전불이행,-,맑음,기타 - 기타,개인형이동수단(PM),여,20세,상해없음,보행자,여,24세,부상신고,"[192455.44433099, 449929.41368627]",EPSG:5181
2021050300100562,2021년 5월 3일 20시,월요일,서울특별시 구로구 구로동,,경상사고,0,0,1,0,차대차 - 기타,안전운전불이행,-,맑음,교차로 - 교차로안,개인형이동수단(PM),남,47세,경상,승용,남,46세,상해없음,"[190435.45110829, 443572.2607536]",EPSG:5181
2021050300100592,2021년 5월 3일 21시,월요일,서울특별시 강남구 역삼동,,부상신고사고,0,0,0,1,차대차 - 기타,안전운전불이행,-,맑음,교차로 - 교차로횡단보도내,개인형이동수단(PM),여,27세,부상신고,승용,남,61세,상해없음,"[203657.4981168, 444714.91385621]",EPSG:5181
2021050300100619,2021년 5월 3일 22시,월요일,서울특별시 동대문구 장안동,,중상사고,0,2,0,0,차대사람 - 기타,안전운전불이행,-,맑음,단일로 - 기타,개인형이동수단(PM),남,38세,중상,보행자,여,25세,중상,"[206786.46064262, 453232.91652]",EPSG:5181
2021050400100098,2021년 5월 4일 09시,화요일,서울특별시 동대문구 전농동,,경상사고,0,0,1,0,차대사람 - 횡단중,안전운전불이행,-,비,단일로 - 기타,개인형이동수단(PM),남,20세,상해없음,보행자,여,5세,경상,"[204635.78904156, 453950.75876327]",EPSG:5181
2021050400100637,2021년 5월 4일 22시,화요일,서울특별시 강남구 청담동,,경상사고,0,0,1,0,차대차 - 기타,안전운전불이행,-,비,교차로 - 교차로부근,개인형이동수단(PM),남,29세,경상,승용,남,33세,상해없음,"[203656.71742018, 447120.85775539]",EPSG:5181
2021050500100101,2021년 5월 5일 10시,수요일,서울특별시 서대문구 연희동,,부상신고사고,0,0,0,1,차대차 - 측면충돌,안전운전불이행,-,맑음,단일로 - 기타,개인형이동수단(PM),남,25세,부상신고,승용,남,33세,상해없음,"[193951.80338684, 452038.17787811]",EPSG:5181
2021050600100398,2021년 5월 6일 18시,목요일,서울특별시 성동구 하왕십리동,,경상사고,0,0,1,0,차대사람 - 보도통행중,기타,-,맑음,기타 - 기타,개인형이동수단(PM),남,18세,상해없음,보행자,여,82세,경상,"[202794.95635904, 451527.01119412]",EPSG:5181
2021050600100508,2021년 5월 6일 21시,목요일,서울특별시 강서구 방화동,,경상사고,0,0,1,0,차대사람 - 횡단중,신호위반,-,맑음,교차로 - 교차로횡단보도내,개인형이동수단(PM),남,17세,상해없음,보행자,여,65세,경상,"[183326.79274606, 451661.52496672]",EPSG:5181
2021050600100537,2021년 5월 6일 22시,목요일,서울특별시 강서구 등촌동,,경상사고,0,0,1,0,차대사람 - 기타,안전운전불이행,-,흐림,단일로 - 기타,개인형이동수단(PM),여,27세,상해없음,보행자,여,63세,경상,"[187707.07541343, 450788.49247917]",EPSG:5181
2021050700100309,2021년 5월 7일 15시,금요일,서울특별시 강서구 화곡동,,경상사고,0,0,1,0,차대차 - 기타,안전운전불이행,-,맑음,단일로 - 기타,개인형이동수단(PM),남,58세,경상,승용,남,31세,상해없음,"[186034.07229423, 448789.84693598]",EPSG:5181
2021050700100583,2021년 5월 7일 22시,금요일,서울특별시 강북구 수유동,,경상사고,0,0,1,0,차대사람 - 기타,안전운전불이행,-,맑음,교차로 - 교차로부근,개인형이동수단(PM),남,26세,기타불명,보행자,남,60세,경상,"[202211.37254085, 459860.17906857]",EPSG:5181
2021050900100255,2021년 5월 9일 15시,일요일,서울특별시 영등포구 양평동3가,,경상사고,0,0,1,0,차대사람 - 기타,기타,-,맑음,단일로 - 기타,개인형이동수단(PM),여,25세,상해없음,보행자,여,33세,경상,"[190374.08333312, 447402.38877279]",EPSG:5181
2021050900100333,2021년 5월 9일 17시,일요일,서울특별시 은평구 증산동,,경상사고,0,0,1,0,차대사람 - 기타,안전운전불이행,-,맑음,교차로 - 교차로부근,개인형이동수단(PM),남,49세,상해없음,보행자,여,88세,경상,"[191617.44167367, 453442.29690515]",EPSG:5181
2021050900100376,2021년 5월 9일 18시,일요일,서울특별시 서대문구 연희동,,경상사고,0,0,1,0,차대차 - 측면충돌,불법유턴,-,맑음,교차로 - 교차로부근,개인형이동수단(PM),여,21세,경상,승용,여,52세,상해없음,"[193729.91667122, 451624.83927269]",EPSG:5181
2021051200100042,2021년 5월 12일 07시,수요일,서울특별시 강남구 청담동,,중상사고,0,1,0,0,차대사람 - 보도통행중,기타,-,맑음,기타 - 기타,개인형이동수단(PM),여,28세,상해없음,보행자,여,79세,중상,"[204228.16583393, 447078.87747038]",EPSG:5181
2021051200100406,2021년 5월 12일 17시,수요일,서울특별시 도봉구 창동,,경상사고,0,0,1,0,차대차 - 추돌,안전운전불이행,-,맑음,기타 - 기타,개인형이동수단(PM),남,40세,상해없음,자전거,남,23세,경상,"[204833.17611511, 460466.3855914]",EPSG:5181
2021051200100457,2021년 5월 12일 18시,수요일,서울특별시 중랑구 신내동,,부상신고사고,0,0,0,1,차대차 - 측면충돌,안전운전불이행,-,맑음,단일로 - 기타,개인형이동수단(PM),남,26세,부상신고,승용,남,36세,상해없음,"[208373.04249582, 457376.01123446]",EPSG:5181
2021051200100579,2021년 5월 12일 22시,수요일,서울특별시 동작구 대방동,,부상신고사고,0,0,0,1,차대사람 - 보도통행중,기타,-,맑음,단일로 - 기타,개인형이동수단(PM),남,22세,상해없음,보행자,남,37세,부상신고,"[193777.02059288, 444458.34272934]",EPSG:5181
2021051200100581,2021년 5월 12일 22시,수요일,서울특별시 강남구 신사동,,부상신고사고,0,0,0,1,차대차 - 기타,직진우회전진행방해,-,맑음,교차로 - 교차로안,개인형이동수단(PM),남,28세,부상신고,승용,여,40세,상해없음,"[203015.64259147, 447087.43837472]",EPSG:5181
2021051300100243,2021년 5월 13일 13시,목요일,서울특별시 서대문구 홍제동,,부상신고사고,0,0,0,1,차대차 - 기타,신호위반,-,맑음,교차로 - 교차로안,개인형이동수단(PM),남,36세,부상신고,이륜,남,28세,상해없음,"[195564.14434351, 453782.42564343]",EPSG:5181
2021051400100519,2021년 5월 14일 18시,금요일,서울특별시 마포구 서교동,,경상사고,0,0,1,0,차대사람 - 기타,안전운전불이행,-,맑음,단일로 - 기타,개인형이동수단(PM),남,28세,상해없음,보행자,여,42세,경상,"[192557.48051602, 450118.02821601]",EPSG:5181
2021051400100607,2021년 5월 14일 20시,금요일,서울특별시 광진구 중곡동,,경상사고,0,0,1,0,차대사람 - 기타,안전운전불이행,-,맑음,단일로 - 기타,개인형이동수단(PM),남,18세,상해없음,보행자,여,4세,경상,"[207200.63337484, 450975.22140465]",EPSG:5181
2021051500100129,2021년 5월 15일 10시,토요일,서울특별시 구로구 오류동,,부상신고사고,0,0,0,1,차대차 - 기타,안전운전불이행,-,맑음,단일로 - 기타,개인형이동수단(PM),남,37세,부상신고,화물,남,49세,상해없음,"[185434.91064905, 443695.75586816]",EPSG:5181
2021051700100374,2021년 5월 17일 18시,월요일,서울특별시 강북구 미아동,,경상사고,0,0,1,0,차대차 - 기타,신호위반,-,맑음,교차로 - 교차로안,개인형이동수단(PM),남,20세,상해없음,이륜,남,28세,경상,"[201740.60033257, 458092.97824767]",EPSG:5181
2021051900100001,2021년 5월 19일 00시,수요일,서울특별시 광진구 군자동,,부상신고사고,0,0,0,1,차대차 - 측면충돌,안전운전불이행,-,맑음,교차로 - 교차로안,개인형이동수단(PM),남,31세,부상신고,승용,남,58세,상해없음,"[206545.83276985, 449760.256895]",EPSG:5181
2021051900100032,2021년 5월 19일 03시,수요일,서울특별시 강남구 역삼동,,중상사고,0,1,0,0,차대사람 - 기타,안전운전불이행,-,맑음,단일로 - 기타,개인형이동수단(PM),남,33세,상해없음,보행자,여,40세,중상,"[203185.12886409, 444749.41882315]",EPSG:5181
2021051900100070,2021년 5월 19일 08시,수요일,서울특별시 강서구 화곡동,,경상사고,0,0,1,0,차대차 - 기타,교차로운행방법위반,-,맑음,교차로 - 교차로안,개인형이동수단(PM),여,32세,경상,화물,남,38세,상해없음,"[187461.11932081, 447941.1126643]",EPSG:5181
2021051900100531,2021년 5월 19일 23시,수요일,서울특별시 송파구 방이동,,경상사고,0,0,1,1,차대차 - 측면충돌,안전운전불이행,-,맑음,단일로 - 기타,개인형이동수단(PM),남,20세,부상신고,원동기,남,48세,경상,"[210072.5422579, 445563.32221554]",EPSG:5181
2021052000100367,2021년 5월 20일 18시,목요일,서울특별시 마포구 성산동,,경상사고,0,0,1,1,차대차 - 기타,안전운전불이행,-,맑음,교차로 - 교차로부근,개인형이동수단(PM),남,34세,경상,승용,남,34세,부상신고,"[192125.84847844, 451710.34091613]",EPSG:5181
2021052100100339,2021년 5월 21일 16시,금요일,서울특별시 은평구 수색동,,경상사고,0,0,1,0,차대차 - 기타,안전운전불이행,-,맑음,교차로 - 교차로안,개인형이동수단(PM),남,81세,경상,승용,남,37세,상해없음,"[190818.82970754, 453688.14148254]",EPSG:5181
2021052100100586,2021년 5월 21일 23시,금요일,서울특별시 강남구 삼성동,,경상사고,0,0,2,0,차대차 - 기타,기타,-,맑음,단일로 - 기타,개인형이동수단(PM),남,31세,경상,개인형이동수단(PM),여,15세,경상,"[203746.943066, 446143.95210618]",EPSG:5181
2021052200100267,2021년 5월 22일 14시,토요일,서울특별시 구로구 신도림동,,부상신고사고,0,0,0,1,차대차 - 측면충돌,안전운전불이행,-,맑음,교차로 - 교차로횡단보도내,개인형이동수단(PM),남,77세,부상신고,승용,남,61세,상해없음,"[189106.62323107, 445139.7980094]",EPSG:5181
2021052300100317,2021년 5월 23일 19시,일요일,서울특별시 중구 남대문로3가,,부상신고사고,0,0,0,2,차대차 - 측면충돌,안전운전불이행,-,흐림,교차로 - 교차로부근,개인형이동수단(PM),남,29세,부상신고,화물,여,74세,상해없음,"[198300.08805836, 451360.04201227]",EPSG:5181
2021052400100227,2021년 5월 24일 13시,월요일,서울특별시 은평구 불광동,,부상신고사고,0,0,0,1,차대차 - 측면충돌,중앙선침범,-,맑음,교차로 - 교차로부근,개인형이동수단(PM),남,65세,부상신고,승합,남,44세,상해없음,"[193999.81393397, 457113.38030116]",EPSG:5181
2021052500100317,2021년 5월 25일 15시,화요일,서울특별시 강남구 개포동,,경상사고,0,0,1,0,차대차 - 기타,안전운전불이행,-,맑음,단일로 - 기타,개인형이동수단(PM),남,31세,경상,승용,남,61세,상해없음,"[204347.32134952, 442162.56971461]",EPSG:5181
2021052500100403,2021년 5월 25일 17시,화요일,서울특별시 강북구 번동,,경상사고,0,0,1,0,차대차 - 측면충돌,안전운전불이행,-,맑음,교차로 - 교차로부근,개인형이동수단(PM),남,40세,경상,승용,여,52세,상해없음,"[202805.49161442, 459506.20483774]",EPSG:5181
2021052700100148,2021년 5월 27일 10시,목요일,서울특별시 강남구 삼성동,,경상사고,0,0,1,0,차대차 - 기타,안전운전불이행,-,맑음,단일로 - 기타,개인형이동수단(PM),여,32세,경상,승용,여,42세,상해없음,"[204593.18933547, 446160.45409436]",EPSG:5181
2021052700100528,2021년 5월 27일 21시,목요일,서울특별시 서초구 방배동,,경상사고,0,0,1,0,차대사람 - 보도통행중,안전운전불이행,-,맑음,기타 - 기타,개인형이동수단(PM),남,29세,상해없음,보행자,남,60세,경상,"[199390.94176418, 443186.66029518]",EPSG:5181
2021052800100591,2021년 5월 28일 22시,금요일,서울특별시 서초구 서초동,,중상사고,0,1,0,0,차대사람 - 기타,신호위반,-,맑음,단일로 - 기타,개인형이동수단(PM),남,25세,상해없음,보행자,남,63세,중상,"[202018.95208286, 444508.13090947]",EPSG:5181
2021053100100126,2021년 5월 31일 10시,월요일,서울특별시 중랑구 면목동,,경상사고,0,0,1,0,차대차 - 측면충돌,기타,-,흐림,기타 - 기타,개인형이동수단(PM),남,24세,상해없음,자전거,남,50세,경상,"[206936.51016954, 453422.79028359]",EPSG:5181
2021053100100127,2021년 5월 31일 10시,월요일,서울특별시 강남구 논현동,,경상사고,0,0,1,0,차대차 - 측면충돌,기타,-,맑음,교차로 - 교차로안,개인형이동수단(PM),남,30세,경상,승용,여,39세,상해없음,"[203406.28851496, 445488.88451745]",EPSG:5181
2021053100100536,2021년 5월 31일 23시,월요일,서울특별시 강남구 논현동,,경상사고,0,0,1,0,차대차 - 측면충돌,기타,-,흐림,교차로 - 교차로안,개인형이동수단(PM),남,26세,경상,승용,남,57세,상해없음,"[202180.87429209, 445664.4445652]",EPSG:5181
2021060200100107,2021년 6월 2일 09시,수요일,서울특별시 성동구 성수동1가,,경상사고,0,0,1,0,차대차 - 측면충돌,안전운전불이행,-,맑음,단일로 - 기타,개인형이동수단(PM),여,29세,상해없음,자전거,여,39세,경상,"[204356.34621499, 449312.44040253]",EPSG:5181
2021060300100142,2021년 6월 3일 10시,목요일,서울특별시 강남구 역삼동,,경상사고,0,0,1,0,차대차 - 측면충돌,안전운전불이행,-,맑음,단일로 - 기타,개인형이동수단(PM),남,51세,경상,승용,남,52세,상해없음,"[204294.85069524, 445072.4397653]",EPSG:5181
2021060400100339,2021년 6월 4일 15시,금요일,서울특별시 강남구 신사동,,중상사고,0,1,0,0,차대사람 - 횡단중,안전운전불이행,-,맑음,단일로 - 기타,개인형이동수단(PM),남,15세,상해없음,보행자,여,38세,중상,"[202051.95105077, 447146.34110897]",EPSG:5181
2021060400100431,2021년 6월 4일 17시,금요일,서울특별시 송파구 석촌동,,중상사고,0,1,0,0,차대차 - 추돌,안전운전불이행,-,맑음,교차로 - 교차로안,개인형이동수단(PM),남,34세,중상,승용,남,76세,상해없음,"[209467.05313505, 445044.89857139]",EPSG:5181
2021060400100639,2021년 6월 4일 22시,금요일,서울특별시 은평구 응암동,,중상사고,0,1,0,0,차대사람 - 횡단중,신호위반,-,맑음,교차로 - 교차로안,개인형이동수단(PM),남,46세,상해없음,보행자,여,55세,중상,"[193018.23136461, 455461.52206483]",EPSG:5181
2021060500100002,2021년 6월 5일 00시,토요일,서울특별시 노원구 중계동,,경상사고,0,0,2,0,차대차 - 기타,안전운전불이행,-,맑음,교차로 - 교차로안,개인형이동수단(PM),남,15세,상해없음,승용,남,57세,경상,"[206474.76040383, 462167.8075565]",EPSG:5181
2021060500100446,2021년 6월 5일 17시,토요일,서울특별시 송파구 송파동,,경상사고,0,0,1,0,차대사람 - 보도통행중,기타,-,맑음,단일로 - 기타,개인형이동수단(PM),여,15세,상해없음,보행자,남,26세,경상,"[209321.39964466, 445345.24520492]",EPSG:5181
2021060700100199,2021년 6월 7일 12시,월요일,서울특별시 성동구 홍익동,,경상사고,0,0,1,0,차대차 - 측면충돌,중앙선침범,-,맑음,단일로 - 기타,개인형이동수단(PM),남,33세,상해없음,이륜,남,41세,경상,"[202751.99873722, 451891.92619719]",EPSG:5181
2021060700100497,2021년 6월 7일 19시,월요일,서울특별시 서초구 서초동,,경상사고,0,0,1,0,차대사람 - 횡단중,기타,-,맑음,단일로 - 기타,개인형이동수단(PM),남,18세,상해없음,보행자,여,35세,경상,"[202491.9239573, 443983.43654367]",EPSG:5181
2021060700100572,2021년 6월 7일 22시,월요일,서울특별시 관악구 봉천동,,부상신고사고,0,0,0,1,차대사람 - 보도통행중,기타,-,맑음,기타 - 기타,개인형이동수단(PM),남,25세,상해없음,보행자,남,29세,부상신고,"[196250.99092256, 442194.60709949]",EPSG:5181
2021060800100175,2021년 6월 8일 11시,화요일,서울특별시 중랑구 상봉동,,부상신고사고,0,0,0,1,차대사람 - 기타,기타,-,맑음,기타 - 기타,개인형이동수단(PM),남,77세,상해없음,보행자,남,80세,부상신고,"[207666.42844977, 455935.67492397]",EPSG:5181
2021060900100066,2021년 6월 9일 08시,수요일,서울특별시 성동구 행당동,,중상사고,0,1,0,0,차대사람 - 보도통행중,기타,-,맑음,단일로 - 기타,개인형이동수단(PM),여,23세,상해없음,보행자,여,46세,중상,"[203331.68465049, 451053.6792022]",EPSG:5181
2021060900100605,2021년 6월 9일 22시,수요일,서울특별시 강남구 신사동,,경상사고,0,0,1,0,차대사람 - 기타,안전운전불이행,-,맑음,단일로 - 기타,개인형이동수단(PM),남,29세,상해없음,보행자,남,31세,경상,"[201843.64893056, 446434.95540421]",EPSG:5181
2021060900100625,2021년 6월 9일 23시,수요일,서울특별시 마포구 창전동,,중상사고,0,1,0,0,차대차 - 측면충돌,안전운전불이행,-,맑음,교차로 - 교차로부근,개인형이동수단(PM),남,37세,상해없음,이륜,남,47세,중상,"[194184.35539578, 450446.80399732]",EPSG:5181
2021061100100391,2021년 6월 11일 17시,금요일,서울특별시 강남구 논현동,,경상사고,0,0,1,0,차대사람 - 보도통행중,기타,-,맑음,기타 - 기타,개인형이동수단(PM),여,32세,상해없음,보행자,여,25세,경상,"[202173.04891911, 445066.16822179]",EPSG:5181
2021061100100445,2021년 6월 11일 18시,금요일,서울특별시 송파구 잠실동,,경상사고,0,0,1,0,차대사람 - 기타,안전운전불이행,-,맑음,단일로 - 기타,개인형이동수단(PM),남,14세,상해없음,보행자,여,58세,경상,"[207552.62755274, 445545.93059832]",EPSG:5181
2021061100100626,2021년 6월 11일 23시,금요일,서울특별시 송파구 잠실동,,부상신고사고,0,0,0,1,차량단독 - 기타,안전운전불이행,-,맑음,단일로 - 기타,개인형이동수단(PM),남,31세,부상신고,,,,,"[206815.85250833, 445071.82872809]",EPSG:5181
2021061300100160,2021년 6월 13일 13시,일요일,서울특별시 관악구 신림동,,중상사고,0,1,0,0,차대사람 - 기타,안전운전불이행,-,맑음,단일로 - 기타,개인형이동수단(PM),남,24세,상해없음,보행자,여,79세,중상,"[193328.33886856, 442859.34793056]",EPSG:5181
2021061300100280,2021년 6월 13일 16시,일요일,서울특별시 동대문구 장안동,,경상사고,0,0,1,0,차대차 - 기타,직진우회전진행방해,-,맑음,교차로 - 교차로안,개인형이동수단(PM),남,43세,경상,승용,여,42세,상해없음,"[205741.04135067, 451541.68458662]",EPSG:5181
2021061400100001,2021년 6월 14일 00시,월요일,서울특별시 동대문구 이문동,,경상사고,0,0,1,0,차량단독 - 기타,안전운전불이행,-,흐림,단일로 - 기타,개인형이동수단(PM),남,49세,경상,,,,,"[206265.71399154, 455965.23084536]",EPSG:5181
2021061400100186,2021년 6월 14일 11시,월요일,서울특별시 노원구 공릉동,,경상사고,0,0,1,0,차대사람 - 기타,기타,-,맑음,단일로 - 기타,개인형이동수단(PM),남,24세,상해없음,보행자,남,39세,경상,"[207025.09011432, 458205.16403445]",EPSG:5181
2021061400100460,2021년 6월 14일 18시,월요일,서울특별시 중랑구 면목동,,경상사고,0,0,1,1,차대차 - 기타,안전운전불이행,-,맑음,단일로 - 기타,개인형이동수단(PM),남,30세,부상신고,자전거,여,52세,경상,"[206302.66600614, 454473.83542026]",EPSG:5181
2021061600100359,2021년 6월 16일 16시,수요일,서울특별시 서초구 서초동,,부상신고사고,0,0,0,1,차대차 - 기타,안전운전불이행,-,맑음,단일로 - 기타,개인형이동수단(PM),남,17세,부상신고,승용,남,38세,상해없음,"[202200.77565199, 442671.37567935]",EPSG:5181
2021061600100601,2021년 6월 16일 22시,수요일,서울특별시 강남구 논현동,,경상사고,0,0,1,0,차대사람 - 기타,안전운전불이행,-,맑음,단일로 - 기타,개인형이동수단(PM),남,33세,기타불명,보행자,남,35세,경상,"[201778.54998379, 446260.54118911]",EPSG:5181
2021061900100427,2021년 6월 19일 17시,토요일,서울특별시 광진구 중곡동,,경상사고,0,0,2,0,차대차 - 정면충돌,안전운전불이행,-,맑음,기타 - 기타,개인형이동수단(PM),여,35세,상해없음,자전거,남,56세,경상,"[206882.31361286, 451011.54319053]",EPSG:5181
2021062100100579,2021년 6월 21일 20시,월요일,서울특별시 강남구 세곡동,,중상사고,0,1,0,0,차량단독 - 기타,안전운전불이행,-,맑음,단일로 - 기타,개인형이동수단(PM),여,54세,중상,,,,,"[208768.28996877, 440803.49268874]",EPSG:5181
2021062100100621,2021년 6월 21일 22시,월요일,서울특별시 강북구 수유동,,경상사고,0,0,1,0,차대차 - 기타,직진우회전진행방해,-,맑음,교차로 - 교차로안,개인형이동수단(PM),여,18세,상해없음,이륜,남,21세,경상,"[201733.57774617, 460724.97286635]",EPSG:5181
2021062200100154,2021년 6월 22일 10시,화요일,서울특별시 마포구 연남동,,중상사고,0,1,0,0,차대사람 - 보도통행중,신호위반,-,맑음,교차로 - 교차로부근,개인형이동수단(PM),남,26세,상해없음,보행자,여,42세,중상,"[193444.24092189, 451543.28872005]",EPSG:5181
2021062300100026,2021년 6월 23일 04시,수요일,서울특별시 동작구 사당동,,경상사고,0,0,1,1,차대사람 - 기타,안전운전불이행,-,맑음,단일로 - 기타,개인형이동수단(PM),남,24세,부상신고,보행자,남,24세,경상,"[198030.0870521, 442871.31307523]",EPSG:5181
2021062300100429,2021년 6월 23일 19시,수요일,서울특별시 송파구 잠실동,,경상사고,0,0,1,0,차대차 - 측면충돌,안전운전불이행,-,맑음,교차로 - 교차로안,개인형이동수단(PM),남,28세,경상,승용,남,53세,상해없음,"[207676.88925275, 445129.42468106]",EPSG:5181
2021062400100060,2021년 6월 24일 07시,목요일,서울특별시 강남구 역삼동,,경상사고,0,0,1,0,차대차 - 측면충돌,안전운전불이행,-,맑음,기타 - 기타,개인형이동수단(PM),남,22세,경상,승용,남,34세,상해없음,"[202757.63423221, 443492.65454501]",EPSG:5181
2021062400100613,2021년 6월 24일 22시,목요일,서울특별시 강남구 신사동,,경상사고,0,0,1,0,차대차 - 측면충돌,안전운전불이행,-,맑음,단일로 - 기타,개인형이동수단(PM),남,41세,경상,승합,남,47세,상해없음,"[202352.3786731, 446899.8406038]",EPSG:5181
2021062500100292,2021년 6월 25일 14시,금요일,서울특별시 관악구 봉천동,,중상사고,0,1,0,0,차대차 - 기타,안전운전불이행,-,맑음,단일로 - 기타,개인형이동수단(PM),남,50세,상해없음,이륜,남,41세,중상,"[196778.27356647, 441991.32736508]",EPSG:5181
2021062600100545,2021년 6월 26일 21시,토요일,서울특별시 강북구 미아동,,경상사고,0,0,1,0,차대차 - 기타,불법유턴,-,맑음,교차로 - 교차로안,개인형이동수단(PM),남,29세,경상,승용,남,41세,상해없음,"[201637.08626636, 457806.31464059]",EPSG:5181
2021062600100576,2021년 6월 26일 22시,토요일,서울특별시 금천구 가산동,,부상신고사고,0,0,0,1,차대차 - 기타,안전운전불이행,-,맑음,단일로 - 기타,개인형이동수단(PM),여,31세,부상신고,자전거,남,20세,상해없음,"[189915.49780429, 440700.41144878]",EPSG:5181
2021062600100609,2021년 6월 26일 23시,토요일,서울특별시 성동구 용답동,,경상사고,0,0,1,0,차대차 - 측면충돌,신호위반,-,맑음,교차로 - 교차로안,개인형이동수단(PM),남,27세,상해없음,승용,남,63세,경상,"[205123.14397438, 451476.37270038]",EPSG:5181
2021062700100023,2021년 6월 27일 01시,일요일,서울특별시 용산구 이태원동,,경상사고,0,0,1,0,차대사람 - 보도통행중,안전운전불이행,-,맑음,기타 - 기타,개인형이동수단(PM),남,22세,상해없음,보행자,여,26세,경상,"[199585.54418221, 448358.70854474]",EPSG:5181
2021062700100198,2021년 6월 27일 13시,일요일,서울특별시 송파구 문정동,,중상사고,0,1,0,0,차대차 - 기타,안전운전불이행,-,맑음,단일로 - 기타,개인형이동수단(PM),여,27세,중상,승용,남,37세,상해없음,"[210934.51810868, 443184.94466166]",EPSG:5181
2021062700100471,2021년 6월 27일 22시,일요일,서울특별시 서초구 양재동,,경상사고,0,0,1,0,차대차 - 기타,안전운전불이행,-,흐림,기타 - 기타,개인형이동수단(PM),남,24세,경상,승용,여,37세,상해없음,"[203998.35636198, 441941.63030635]",EPSG:5181
2021062800100599,2021년 6월 28일 21시,월요일,서울특별시 강남구 역삼동,,경상사고,0,0,1,0,차대사람 - 보도통행중,안전운전불이행,-,맑음,기타 - 기타,개인형이동수단(PM),여,34세,상해없음,보행자,여,48세,경상,"[203208.31288207, 443963.2325536]",EPSG:5181
2021062900100634,2021년 6월 29일 23시,화요일,서울특별시 영등포구 대림동,,중상사고,0,2,0,0,차대차 - 정면충돌,중앙선침범,-,맑음,교차로 - 교차로부근,개인형이동수단(PM),남,39세,중상,이륜,남,46세,중상,"[191263.83960507, 443746.72556005]",EPSG:5181
2021063000100182,2021년 6월 30일 11시,수요일,서울특별시 동작구 노량진동,,경상사고,0,0,1,0,차대사람 - 기타,안전운전불이행,-,맑음,단일로 - 기타,개인형이동수단(PM),여,30세,상해없음,보행자,남,31세,경상,"[195102.67531605, 445748.87915576]",EPSG:5181
2021063000100470,2021년 6월 30일 18시,수요일,서울특별시 강남구 논현동,,중상사고,0,1,0,0,차대사람 - 기타,안전운전불이행,-,맑음,단일로 - 기타,개인형이동수단(PM),남,28세,상해없음,보행자,여,29세,중상,"[202529.10136892, 446588.65730641]",EPSG:5181
2021063000100575,2021년 6월 30일 21시,수요일,서울특별시 은평구 구산동,,중상사고,0,1,0,0,차대차 - 측면충돌,신호위반,-,맑음,교차로 - 교차로횡단보도내,개인형이동수단(PM),남,18세,상해없음,승용,남,58세,상해없음,"[192572.86454014, 456625.596399]",EPSG:5181
2021070100100602,2021년 7월 1일 22시,목요일,서울특별시 강서구 방화동,,중상사고,0,1,0,0,차대차 - 측면충돌,안전운전불이행,-,맑음,교차로 - 교차로횡단보도내,개인형이동수단(PM),남,31세,상해없음,이륜,남,28세,중상,"[183027.19015423, 451377.82608401]",EPSG:5181
2021070100100622,2021년 7월 1일 23시,목요일,서울특별시 송파구 방이동,,부상신고사고,0,0,0,1,차량단독 - 전도전복 - 전도,안전운전불이행,-,맑음,단일로 - 기타,개인형이동수단(PM),남,39세,부상신고,,,,,"[210309.46751156, 447101.19778376]",EPSG:5181
2021070200100123,2021년 7월 2일 09시,금요일,서울특별시 강남구 삼성동,,경상사고,0,0,1,0,차대차 - 측면충돌,중앙선침범,-,맑음,단일로 - 기타,개인형이동수단(PM),남,27세,기타불명,화물,남,58세,경상,"[203906.92966032, 445593.5849772]",EPSG:5181
2021070200100289,2021년 7월 2일 14시,금요일,서울특별시 강남구 대치동,,중상사고,0,1,0,1,차대차 - 기타,직진우회전진행방해,-,맑음,교차로 - 교차로안,개인형이동수단(PM),남,26세,부상신고,승용,여,61세,중상,"[204984.94096001, 444541.89506906]",EPSG:5181
2021070200100711,2021년 7월 2일 23시,금요일,서울특별시 용산구 원효로4가,,경상사고,0,0,1,0,차대차 - 정면충돌,안전운전불이행,-,맑음,단일로 - 기타,개인형이동수단(PM),남,22세,기타불명,승용,남,22세,상해없음,"[195898.05369745, 448182.04240108]",EPSG:5181
2021070600100086,2021년 7월 6일 08시,화요일,서울특별시 광진구 중곡동,,경상사고,0,0,1,0,차대사람 - 보도통행중,기타,-,맑음,단일로 - 기타,개인형이동수단(PM),남,24세,상해없음,보행자,남,27세,경상,"[207039.24230609, 452352.91123656]",EPSG:5181
2021070600100197,2021년 7월 6일 12시,화요일,서울특별시 중구 을지로2가,,경상사고,0,0,1,0,차대사람 - 보도통행중,기타,-,맑음,단일로 - 기타,개인형이동수단(PM),여,33세,상해없음,보행자,여,36세,경상,"[198739.57024698, 451865.57570302]",EPSG:5181
2021070600100555,2021년 7월 6일 22시,화요일,서울특별시 강남구 역삼동,,경상사고,0,0,1,0,차대사람 - 기타,기타,-,맑음,기타 - 기타,개인형이동수단(PM),여,27세,기타불명,보행자,여,32세,경상,"[202748.62706307, 444434.97708631]",EPSG:5181
2021070600100584,2021년 7월 6일 23시,화요일,서울특별시 강서구 가양동,,중상사고,0,1,0,0,차대차 - 측면충돌,안전운전불이행,-,맑음,교차로 - 교차로안,개인형이동수단(PM),남,30세,중상,화물,남,54세,상해없음,"[186222.23885599, 451969.03972573]",EPSG:5181
2021070700100060,2021년 7월 7일 07시,수요일,서울특별시 마포구 공덕동,,경상사고,0,0,1,0,차대사람 - 보도통행중,기타,-,맑음,단일로 - 기타,개인형이동수단(PM),남,18세,상해없음,보행자,남,42세,경상,"[195951.45807902, 449426.80631993]",EPSG:5181
2021070900100485,2021년 7월 9일 19시,금요일,서울특별시 구로구 고척동,,경상사고,0,0,1,0,차대차 - 기타,중앙선침범,-,맑음,교차로 - 교차로안,개인형이동수단(PM),남,52세,경상,승용,남,28세,상해없음,"[187930.09189583, 444591.34232523]",EPSG:5181
2021071100100133,2021년 7월 11일 13시,일요일,서울특별시 강남구 역삼동,,경상사고,0,0,1,0,차대사람 - 기타,기타,-,기타,기타 - 기타,개인형이동수단(PM),남,19세,상해없음,보행자,남,26세,경상,"[202537.03863885, 444341.81687229]",EPSG:5181
2021071100100225,2021년 7월 11일 16시,일요일,서울특별시 송파구 잠실동,,경상사고,0,0,1,0,차대차 - 기타,안전운전불이행,-,맑음,기타 - 기타,개인형이동수단(PM),남,33세,상해없음,자전거,여,50세,경상,"[207488.05846278, 445083.40345498]",EPSG:5181
2021071100100368,2021년 7월 11일 21시,일요일,서울특별시 강남구 논현동,,중상사고,0,1,0,0,차대차 - 기타,안전운전불이행,-,맑음,단일로 - 기타,개인형이동수단(PM),여,43세,중상,승용,남,49세,상해없음,"[203751.61437424, 446017.9272489]",EPSG:5181
2021071300100581,2021년 7월 13일 21시,화요일,서울특별시 강동구 천호동,,경상사고,0,0,1,0,차대사람 - 기타,안전운전불이행,-,맑음,교차로 - 교차로안,개인형이동수단(PM),남,41세,상해없음,보행자,남,56세,경상,"[212334.81603697, 449258.82951203]",EPSG:5181
2021071400100169,2021년 7월 14일 11시,수요일,서울특별시 동작구 대방동,,경상사고,0,0,1,0,차대차 - 측면충돌,안전운전불이행,-,맑음,단일로 - 기타,개인형이동수단(PM),남,25세,경상,승용,남,60세,상해없음,"[193511.73518508, 444492.94717463]",EPSG:5181
2021071500100031,2021년 7월 15일 05시,목요일,서울특별시 노원구 하계동,,중상사고,0,1,0,0,차대차 - 기타,교차로운행방법위반,-,맑음,교차로 - 교차로안,개인형이동수단(PM),여,26세,중상,승용,남,66세,상해없음,"[206305.94953976, 459679.91994685]",EPSG:5181
2021071500100501,2021년 7월 15일 19시,목요일,서울특별시 송파구 방이동,,부상신고사고,0,0,0,1,차대사람 - 기타,안전운전불이행,-,맑음,교차로 - 교차로부근,개인형이동수단(PM),남,27세,상해없음,보행자,남,38세,부상신고,"[209710.10628808, 445994.56988734]",EPSG:5181
2021071600100176,2021년 7월 16일 11시,금요일,서울특별시 송파구 방이동,,경상사고,0,0,1,0,차대차 - 기타,불법유턴,-,맑음,교차로 - 교차로부근,개인형이동수단(PM),여,26세,경상,승용,남,64세,상해없음,"[209543.70954293, 446056.71086789]",EPSG:5181
2021071600100604,2021년 7월 16일 21시,금요일,서울특별시 노원구 공릉동,,경상사고,0,0,1,0,차대사람 - 기타,안전운전불이행,-,맑음,단일로 - 기타,개인형이동수단(PM),여,23세,기타불명,보행자,여,37세,경상,"[206740.27260781, 458149.62520877]",EPSG:5181
2021071700100371,2021년 7월 17일 16시,토요일,서울특별시 강남구 논현동,,경상사고,0,0,1,0,차대차 - 기타,안전운전불이행,-,맑음,단일로 - 기타,개인형이동수단(PM),남,27세,상해없음,이륜,남,34세,경상,"[203172.62821927, 445407.61143876]",EPSG:5181
2021071800100425,2021년 7월 18일 22시,일요일,서울특별시 양천구 신정동,,경상사고,0,0,1,0,차대차 - 측면충돌,안전운전불이행,-,비,기타 - 기타,개인형이동수단(PM),남,21세,경상,승용,남,55세,상해없음,"[188218.79795758, 446361.54336112]",EPSG:5181
2021072100100448,2021년 7월 21일 17시,수요일,서울특별시 송파구 오금동,,경상사고,0,0,1,0,차대차 - 정면충돌,안전운전불이행,-,맑음,교차로 - 교차로횡단보도내,개인형이동수단(PM),남,56세,경상,승용,여,41세,상해없음,"[211623.00998688, 445592.56937101]",EPSG:5181
2021072200100519,2021년 7월 22일 19시,목요일,서울특별시 강남구 대치동,,경상사고,0,0,1,0,차대차 - 기타,신호위반,-,맑음,교차로 - 교차로안,개인형이동수단(PM),남,27세,상해없음,이륜,남,44세,경상,"[205319.55204684, 445204.9344768]",EPSG:5181
2021072300100035,2021년 7월 23일 05시,금요일,서울특별시 영등포구 문래동1가,,중상사고,0,1,0,0,차대차 - 측면충돌,안전거리미확보,-,맑음,단일로 - 기타,개인형이동수단(PM),남,64세,중상,승용,남,14세,상해없음,"[191263.26328959, 446114.62359224]",EPSG:5181
2021072300100141,2021년 7월 23일 10시,금요일,서울특별시 송파구 방이동,,경상사고,0,0,1,0,차대사람 - 보도통행중,안전운전불이행,-,맑음,기타 - 기타,개인형이동수단(PM),여,58세,상해없음,보행자,남,74세,경상,"[211032.07050475, 445536.40797358]",EPSG:5181
2021072300100474,2021년 7월 23일 18시,금요일,서울특별시 노원구 상계동,,경상사고,0,0,1,0,차대차 - 기타,안전운전불이행,-,맑음,교차로 - 교차로부근,개인형이동수단(PM),남,27세,경상,승용,남,51세,상해없음,"[204899.16037361, 463664.00203021]",EPSG:5181
2021072400100317,2021년 7월 24일 15시,토요일,서울특별시 강남구 대치동,,경상사고,0,0,1,0,차대차 - 기타,안전운전불이행,-,맑음,기타 - 기타,개인형이동수단(PM),여,34세,경상,이륜,남,35세,상해없음,"[205126.87328487, 444941.80701681]",EPSG:5181
2021072600100233,2021년 7월 26일 12시,월요일,서울특별시 동대문구 회기동,,경상사고,0,0,1,0,차대차 - 정면충돌,안전운전불이행,-,맑음,단일로 - 기타,개인형이동수단(PM),여,22세,경상,승용,남,59세,상해없음,"[204873.34077361, 454804.36027679]",EPSG:5181
2021072600100601,2021년 7월 26일 22시,월요일,서울특별시 강북구 번동,,경상사고,0,0,1,0,차대사람 - 길가장자리구역통행중,안전운전불이행,-,맑음,단일로 - 기타,개인형이동수단(PM),남,21세,상해없음,보행자,여,74세,경상,"[203263.15076561, 459228.53335278]",EPSG:5181
2021072600100608,2021년 7월 26일 22시,월요일,서울특별시 노원구 하계동,,부상신고사고,0,0,0,1,차대차 - 측면충돌,불법유턴,-,맑음,교차로 - 교차로안,개인형이동수단(PM),남,20세,부상신고,승용,남,45세,상해없음,"[206387.11227807, 460218.56622716]",EPSG:5181
2021072600100626,2021년 7월 26일 23시,월요일,서울특별시 마포구 서교동,,경상사고,0,0,1,0,차량단독 - 기타,안전운전불이행,-,맑음,단일로 - 기타,개인형이동수단(PM),여,34세,경상,,,,,"[192306.90258351, 450772.94598147]",EPSG:5181
2021072600100628,2021년 7월 26일 23시,월요일,서울특별시 강남구 대치동,,경상사고,0,0,1,0,차대차 - 기타,안전운전불이행,-,기타,교차로 - 교차로횡단보도내,개인형이동수단(PM),남,25세,경상,승용,남,65세,상해없음,"[205408.0898997, 444357.06901946]",EPSG:5181
2021072700100340,2021년 7월 27일 15시,화요일,서울특별시 강남구 도곡동,,부상신고사고,0,0,0,1,차대차 - 기타,안전운전불이행,-,맑음,단일로 - 기타,개인형이동수단(PM),남,48세,부상신고,승용,남,49세,상해없음,"[202929.10810093, 443039.38672963]",EPSG:5181
2021072800100081,2021년 7월 28일 08시,수요일,서울특별시 송파구 신천동,,중상사고,0,1,0,0,차대사람 - 기타,기타,-,맑음,단일로 - 기타,개인형이동수단(PM),남,41세,상해없음,보행자,여,43세,중상,"[209276.18486254, 446135.32120789]",EPSG:5181
2021072800100243,2021년 7월 28일 13시,수요일,서울특별시 동대문구 휘경동,,중상사고,0,1,0,0,차대차 - 측면충돌,안전운전불이행,-,맑음,단일로 - 기타,개인형이동수단(PM),남,36세,상해없음,자전거,남,73세,중상,"[205081.04607283, 454499.34492186]",EPSG:5181
2021072800100275,2021년 7월 28일 14시,수요일,서울특별시 관악구 신림동,,경상사고,0,0,1,0,차대차 - 정면충돌,중앙선침범,-,비,단일로 - 기타,개인형이동수단(PM),남,27세,경상,승용,남,44세,상해없음,"[193794.87085124, 442792.79914764]",EPSG:5181
2021072800100345,2021년 7월 28일 16시,수요일,서울특별시 중랑구 면목동,,경상사고,0,0,1,0,차대차 - 정면충돌,안전운전불이행,-,맑음,교차로 - 교차로안,개인형이동수단(PM),남,14세,경상,승용,남,73세,상해없음,"[208236.90626874, 453445.71770479]",EPSG:5181
2021072800100446,2021년 7월 28일 18시,수요일,서울특별시 송파구 방이동,,중상사고,0,1,1,0,차대차 - 정면충돌,신호위반,-,맑음,단일로 - 기타,개인형이동수단(PM),남,32세,경상,자전거,여,54세,중상,"[210588.19263375, 445668.103196]",EPSG:5181
2021072800100576,2021년 7월 28일 22시,수요일,서울특별시 관악구 신림동,,경상사고,0,0,1,0,차대차 - 정면충돌,안전운전불이행,-,맑음,교차로 - 교차로안,개인형이동수단(PM),남,22세,경상,승용,남,52세,상해없음,"[193462.55265276, 443017.12085795]",EPSG:5181
2021072900100022,2021년 7월 29일 03시,목요일,서울특별시 성동구 성수동2가,,중상사고,0,1,0,0,차량단독 - 도로외이탈 - 추락,안전운전불이행,-,맑음,단일로 - 기타,개인형이동수단(PM),남,44세,중상,,,,,"[205480.97780957, 449841.62818415]",EPSG:5181
2021072900100066,2021년 7월 29일 08시,목요일,서울특별시 서초구 양재동,,중상사고,0,1,0,0,차대사람 - 보도통행중,기타,-,맑음,단일로 - 기타,개인형이동수단(PM),남,28세,상해없음,보행자,여,51세,중상,"[203728.49268081, 442649.47690598]",EPSG:5181
2021072900100247,2021년 7월 29일 13시,목요일,서울특별시 성동구 성수동2가,,중상사고,0,1,0,0,차대차 - 측면충돌,안전운전불이행,-,맑음,교차로 - 교차로횡단보도내,개인형이동수단(PM),여,25세,중상,승용,남,42세,상해없음,"[205881.0931476, 449849.75852197]",EPSG:5181
2021073000100098,2021년 7월 30일 09시,금요일,서울특별시 강남구 논현동,,경상사고,0,0,1,0,차대사람 - 보도통행중,기타,-,맑음,단일로 - 기타,개인형이동수단(PM),남,38세,기타불명,보행자,여,30세,경상,"[203847.56253293, 445658.29515156]",EPSG:5181
2021073000100240,2021년 7월 30일 13시,금요일,서울특별시 송파구 가락동,,경상사고,0,0,1,0,차대차 - 기타,안전운전불이행,-,맑음,기타 - 기타,개인형이동수단(PM),남,23세,경상,승용,여,59세,상해없음,"[209497.47264875, 444026.65243997]",EPSG:5181
2021073000100442,2021년 7월 30일 18시,금요일,서울특별시 강남구 논현동,,경상사고,0,0,2,0,차대차 - 측면충돌,안전운전불이행,-,맑음,교차로 - 교차로부근,개인형이동수단(PM),여,34세,경상,이륜,남,30세,경상,"[203737.31685952, 446072.87295473]",EPSG:5181
2021073100100041,2021년 7월 31일 05시,토요일,서울특별시 노원구 중계동,,경상사고,0,0,1,0,차대차 - 측면충돌,신호위반,-,맑음,교차로 - 교차로안,개인형이동수단(PM),남,18세,경상,승용,남,61세,상해없음,"[205804.067999, 460183.4461172]",EPSG:5181
2021073100100128,2021년 7월 31일 11시,토요일,서울특별시 강서구 화곡동,,부상신고사고,0,0,0,1,차대차 - 측면충돌,직진우회전진행방해,-,맑음,교차로 - 교차로안,개인형이동수단(PM),남,25세,부상신고,승용,여,57세,상해없음,"[186497.83003894, 449620.62385561]",EPSG:5181
2021073100100495,2021년 7월 31일 21시,토요일,서울특별시 강북구 번동,,경상사고,0,0,1,0,차대사람 - 횡단중,중앙선침범,-,맑음,단일로 - 기타,개인형이동수단(PM),남,17세,상해없음,보행자,여,28세,경상,"[202557.99596157, 460144.13719053]",EPSG:5181
2021080100100057,2021년 8월 1일 09시,일요일,서울특별시 동작구 사당동,,중상사고,0,2,1,0,차대차 - 측면충돌,직진우회전진행방해,-,맑음,교차로 - 교차로안,개인형이동수단(PM),남,20세,중상,승용,남,62세,경상,"[197400.79929381, 442502.82966225]",EPSG:5181
2021080100100285,2021년 8월 1일 18시,일요일,서울특별시 강서구 등촌동,,부상신고사고,0,0,0,1,차대차 - 측면충돌,안전운전불이행,-,흐림,단일로 - 기타,개인형이동수단(PM),남,52세,부상신고,승용,남,28세,상해없음,"[186685.32033119, 451610.36802619]",EPSG:5181
2021080300100459,2021년 8월 3일 21시,화요일,서울특별시 중랑구 망우동,,부상신고사고,0,0,0,1,차대사람 - 횡단중,안전운전불이행,-,맑음,단일로 - 기타,개인형이동수단(PM),남,41세,부상신고,보행자,남,68세,상해없음,"[208244.47534054, 455406.54058535]",EPSG:5181
2021080500100063,2021년 8월 5일 08시,목요일,서울특별시 강동구 성내동,,경상사고,0,0,1,0,차대차 - 측면충돌,안전운전불이행,-,맑음,기타 - 기타,개인형이동수단(PM),남,21세,경상,승용,여,20세,상해없음,"[211953.66967102, 447752.19619032]",EPSG:5181
2021080500100315,2021년 8월 5일 15시,목요일,서울특별시 용산구 효창동,,중상사고,0,1,0,0,차대차 - 기타,안전운전불이행,-,맑음,기타 - 기타,개인형이동수단(PM),남,53세,중상,승용,남,48세,기타불명,"[196565.79433103, 449031.91950439]",EPSG:5181
2021080500100486,2021년 8월 5일 19시,목요일,서울특별시 강서구 마곡동,,경상사고,0,0,1,0,차대차 - 측면충돌,안전운전불이행,-,맑음,단일로 - 기타,개인형이동수단(PM),기타불명,미분류,기타불명,자전거,여,25세,경상,"[185019.48838766, 451085.31215096]",EPSG:5181
2021080600100101,2021년 8월 6일 09시,금요일,서울특별시 마포구 염리동,,중상사고,0,1,0,0,차대사람 - 기타,안전운전불이행,-,맑음,단일로 - 기타,개인형이동수단(PM),여,29세,상해없음,보행자,여,65세,중상,"[195039.13280587, 449798.09931369]",EPSG:5181
2021080600100102,2021년 8월 6일 09시,금요일,서울특별시 동작구 상도동,,경상사고,0,0,1,0,차대차 - 측면충돌,안전운전불이행,-,맑음,교차로 - 교차로안,개인형이동수단(PM),남,24세,상해없음,승용,여,36세,경상,"[193803.21858182, 444046.32392751]",EPSG:5181
2021080600100398,2021년 8월 6일 17시,금요일,서울특별시 은평구 녹번동,,중상사고,0,1,0,0,차대사람 - 보도통행중,기타,-,맑음,단일로 - 기타,개인형이동수단(PM),남,77세,상해없음,보행자,남,41세,중상,"[193292.76096611, 456133.24044509]",EPSG:5181
2021080600100576,2021년 8월 6일 21시,금요일,서울특별시 강남구 논현동,,경상사고,0,0,1,0,차대사람 - 보도통행중,기타,-,맑음,기타 - 기타,개인형이동수단(PM),여,31세,기타불명,보행자,여,24세,경상,"[203066.26548001, 446597.51460726]",EPSG:5181
2021080600100598,2021년 8월 6일 22시,금요일,서울특별시 마포구 서교동,,중상사고,0,1,0,0,차대사람 - 기타,안전운전불이행,-,맑음,기타 - 기타,개인형이동수단(PM),여,27세,상해없음,보행자,여,20세,중상,"[192992.72490124, 449915.26472643]",EPSG:5181
2021080700100392,2021년 8월 7일 18시,토요일,서울특별시 강남구 역삼동,,경상사고,0,0,1,0,차대차 - 측면충돌,직진우회전진행방해,-,맑음,교차로 - 교차로안,개인형이동수단(PM),남,36세,경상,승용,남,25세,상해없음,"[203287.48314156, 445255.16147602]",EPSG:5181
2021080800100057,2021년 8월 8일 08시,일요일,서울특별시 강남구 역삼동,,부상신고사고,0,0,0,1,차량단독 - 기타,기타,-,맑음,기타 - 기타,개인형이동수단(PM),남,26세,부상신고,,,,,"[203730.22418356, 445148.47095234]",EPSG:5181
2021080800100320,2021년 8월 8일 19시,일요일,서울특별시 금천구 독산동,,경상사고,0,0,1,0,차대사람 - 보도통행중,기타,-,비,기타 - 기타,개인형이동수단(PM),남,42세,상해없음,보행자,남,25세,경상,"[190895.56473957, 441134.77726044]",EPSG:5181
2021080900100012,2021년 8월 9일 01시,월요일,서울특별시 강남구 도곡동,,경상사고,0,0,1,0,차대차 - 기타,안전운전불이행,-,기타,기타 - 기타,개인형이동수단(PM),기타불명,미분류,기타불명,승용,남,58세,상해없음,"[203710.31768543, 442869.46711565]",EPSG:5181
2021080900100458,2021년 8월 9일 18시,월요일,서울특별시 동작구 사당동,,경상사고,0,0,1,0,차대사람 - 기타,안전운전불이행,-,맑음,단일로 - 기타,개인형이동수단(PM),남,37세,상해없음,보행자,여,48세,경상,"[197426.35868542, 442776.07114658]",EPSG:5181
2021081000100134,2021년 8월 10일 11시,화요일,서울특별시 서초구 우면동,,중상사고,0,1,1,0,차대차 - 측면충돌,기타,-,맑음,교차로 - 교차로횡단보도내,개인형이동수단(PM),남,26세,중상,승용,여,33세,경상,"[202554.20733399, 441485.78616737]",EPSG:5181
2021081200100169,2021년 8월 12일 11시,목요일,서울특별시 양천구 신정동,,경상사고,0,0,1,0,차대차 - 기타,안전운전불이행,-,맑음,단일로 - 기타,개인형이동수단(PM),남,28세,경상,화물,남,24세,상해없음,"[187978.20803295, 447584.726321]",EPSG:5181
2021081300100429,2021년 8월 13일 18시,금요일,서울특별시 강남구 역삼동,,경상사고,0,0,1,0,차대사람 - 보도통행중,기타,-,맑음,단일로 - 기타,개인형이동수단(PM),여,32세,상해없음,보행자,여,29세,경상,"[204110.80336842, 444879.38611037]",EPSG:5181
2021081400100042,2021년 8월 14일 06시,토요일,서울특별시 송파구 잠실동,,중상사고,0,1,0,0,차대차 - 정면충돌,안전운전불이행,-,맑음,단일로 - 기타,개인형이동수단(PM),남,24세,상해없음,자전거,여,73세,중상,"[208378.52538831, 445815.42497623]",EPSG:5181
2021081400100158,2021년 8월 14일 12시,토요일,서울특별시 송파구 석촌동,,부상신고사고,0,0,0,1,차대차 - 측면충돌,안전운전불이행,-,맑음,교차로 - 교차로안,개인형이동수단(PM),여,19세,상해없음,자전거,여,61세,부상신고,"[209310.02832804, 444472.83568411]",EPSG:5181
2021081400100477,2021년 8월 14일 22시,토요일,서울특별시 마포구 합정동,,중상사고,0,1,0,0,차대사람 - 기타,신호위반,-,맑음,단일로 - 기타,개인형이동수단(PM),남,22세,상해없음,보행자,여,32세,중상,"[192188.0946706, 450352.15364553]",EPSG:5181
2021081500100050,2021년 8월 15일 07시,일요일,서울특별시 동작구 사당동,,부상신고사고,0,0,0,1,차대차 - 기타,안전운전불이행,-,맑음,교차로 - 교차로안,개인형이동수단(PM),남,24세,부상신고,승용,남,49세,상해없음,"[198058.43753733, 442242.2195483]",EPSG:5181
2021081700100306,2021년 8월 17일 15시,화요일,서울특별시 도봉구 쌍문동,,경상사고,0,0,1,0,차대사람 - 횡단중,신호위반,-,맑음,교차로 - 교차로횡단보도내,개인형이동수단(PM),여,52세,상해없음,보행자,여,62세,경상,"[203484.87799889, 461923.77635691]",EPSG:5181
2021081800100115,2021년 8월 18일 10시,수요일,서울특별시 송파구 석촌동,,중상사고,0,1,0,0,차대사람 - 보도통행중,안전운전불이행,-,맑음,단일로 - 기타,개인형이동수단(PM),여,25세,상해없음,보행자,여,58세,중상,"[209300.70079408, 444533.8105517]",EPSG:5181
2021081800100214,2021년 8월 18일 13시,수요일,서울특별시 송파구 송파동,,경상사고,0,0,1,0,차대사람 - 기타,안전운전불이행,-,맑음,기타 - 기타,개인형이동수단(PM),남,26세,상해없음,보행자,남,34세,경상,"[209702.61591643, 445333.26516725]",EPSG:5181
2021081900100088,2021년 8월 19일 09시,목요일,서울특별시 동대문구 장안동,,경상사고,0,0,1,0,차대사람 - 기타,기타,-,맑음,단일로 - 기타,개인형이동수단(PM),남,59세,상해없음,보행자,여,38세,경상,"[206555.24414129, 452504.39704462]",EPSG:5181
2021082000100441,2021년 8월 20일 18시,금요일,서울특별시 서초구 서초동,,경상사고,0,0,1,0,차대사람 - 보도통행중,기타,-,맑음,단일로 - 기타,개인형이동수단(PM),여,21세,상해없음,보행자,남,45세,경상,"[201793.12732006, 444835.05982537]",EPSG:5181
2021082000100634,2021년 8월 20일 23시,금요일,서울특별시 노원구 상계동,,경상사고,0,0,1,0,차대차 - 측면충돌,안전운전불이행,-,비,단일로 - 기타,개인형이동수단(PM),남,18세,상해없음,자전거,남,45세,경상,"[205959.33437352, 461458.77923435]",EPSG:5181
2021082200100282,2021년 8월 22일 18시,일요일,서울특별시 서초구 반포동,,경상사고,0,0,1,0,차대차 - 측면충돌,기타,-,비,단일로 - 기타,개인형이동수단(PM),남,34세,경상,승용,남,55세,상해없음,"[199975.89717201, 444556.30004868]",EPSG:5181
2021082300100108,2021년 8월 23일 10시,월요일,서울특별시 노원구 상계동,,중상사고,0,1,0,0,차대차 - 측면충돌,안전운전불이행,-,맑음,단일로 - 기타,개인형이동수단(PM),남,32세,중상,승용,남,40세,상해없음,"[204891.98707086, 463695.97643582]",EPSG:5181
2021082500100036,2021년 8월 25일 06시,수요일,서울특별시 중랑구 상봉동,,경상사고,0,0,1,0,차대사람 - 보도통행중,기타,-,맑음,기타 - 기타,개인형이동수단(PM),남,36세,상해없음,보행자,여,37세,경상,"[207438.36943044, 455178.15931009]",EPSG:5181
2021082500100289,2021년 8월 25일 15시,수요일,서울특별시 동작구 흑석동,,경상사고,0,0,1,0,차대차 - 측면충돌,불법유턴,-,맑음,교차로 - 교차로부근,개인형이동수단(PM),남,25세,경상,화물,남,73세,상해없음,"[197412.89722968, 445121.90805248]",EPSG:5181
2021082700100480,2021년 8월 27일 20시,금요일,서울특별시 서대문구 충정로3가,,경상사고,0,0,1,0,차대사람 - 보도통행중,기타,-,맑음,단일로 - 기타,개인형이동수단(PM),남,20세,상해없음,보행자,남,55세,경상,"[196857.05898875, 451448.40215936]",EPSG:5181
2021082800100161,2021년 8월 28일 12시,토요일,서울특별시 서초구 서초동,,중상사고,0,1,0,0,차량단독 - 기타,안전운전불이행,-,맑음,교차로 - 교차로부근,개인형이동수단(PM),남,29세,중상,,,,,"[200735.84806886, 443114.77240724]",EPSG:5181
2021082900100007,2021년 8월 29일 01시,일요일,서울특별시 노원구 상계동,,부상신고사고,0,0,0,1,차대차 - 기타,안전운전불이행,-,맑음,단일로 - 기타,개인형이동수단(PM),남,24세,부상신고,승용,남,36세,기타불명,"[205031.58201745, 462844.38366051]",EPSG:5181
2021083000100243,2021년 8월 30일 14시,월요일,서울특별시 광진구 자양동,,경상사고,0,0,1,0,차대사람 - 횡단중,보행자보호의무위반,-,맑음,교차로 - 교차로횡단보도내,개인형이동수단(PM),남,15세,상해없음,보행자,남,65세,경상,"[207312.36218508, 447836.5661532]",EPSG:5181
2021083000100244,2021년 8월 30일 14시,월요일,서울특별시 성동구 성수동2가,,경상사고,0,0,1,0,차대차 - 측면충돌,안전운전불이행,-,맑음,교차로 - 교차로부근,개인형이동수단(PM),여,22세,경상,승용,여,53세,상해없음,"[205472.00047894, 449272.35499333]",EPSG:5181
2021083100100057,2021년 8월 31일 08시,화요일,서울특별시 광진구 화양동,,중상사고,0,1,0,0,차대사람 - 차도통행중,안전운전불이행,-,비,단일로 - 기타,개인형이동수단(PM),남,31세,상해없음,보행자,여,32세,중상,"[206128.9551737, 449329.86994283]",EPSG:5181
2021090200100308,2021년 9월 2일 16시,목요일,서울특별시 송파구 잠실동,,경상사고,0,0,1,0,차대차 - 기타,신호위반,-,맑음,기타 - 기타,개인형이동수단(PM),남,29세,경상,승용,남,61세,상해없음,"[207651.6525275, 445360.3826558]",EPSG:5181
2021090200100442,2021년 9월 2일 19시,목요일,서울특별시 송파구 가락동,,경상사고,0,0,1,0,차대차 - 기타,안전운전불이행,-,맑음,교차로 - 교차로안,개인형이동수단(PM),남,16세,상해없음,이륜,남,19세,경상,"[211158.46137439, 443589.29618806]",EPSG:5181
2021090300100343,2021년 9월 3일 17시,금요일,서울특별시 송파구 송파동,,부상신고사고,0,0,0,1,차대사람 - 기타,안전운전불이행,-,맑음,단일로 - 기타,개인형이동수단(PM),남,51세,상해없음,보행자,여,69세,부상신고,"[209944.5274351, 445744.71497515]",EPSG:5181
2021090400100072,2021년 9월 4일 09시,토요일,서울특별시 동대문구 전농동,,부상신고사고,0,0,0,1,차대차 - 측면충돌,직진우회전진행방해,-,맑음,교차로 - 교차로안,개인형이동수단(PM),남,26세,부상신고,승용,남,68세,상해없음,"[204638.74037402, 452832.33247152]",EPSG:5181
2021090500100002,2021년 9월 5일 01시,일요일,서울특별시 광진구 자양동,,경상사고,0,0,1,0,차대차 - 측면충돌,직진우회전진행방해,-,맑음,교차로 - 교차로안,개인형이동수단(PM),여,27세,경상,승용,남,63세,상해없음,"[207017.3919214, 447997.06249761]",EPSG:5181
2021090700100560,2021년 9월 7일 22시,화요일,서울특별시 노원구 상계동,,경상사고,0,0,1,0,차량단독 - 전도전복 - 전도,기타,-,비,기타 - 기타,개인형이동수단(PM),남,22세,경상,,,,,"[205818.41526677, 462746.53898163]",EPSG:5181
2021090800100199,2021년 9월 8일 11시,수요일,서울특별시 서초구 양재동,,경상사고,0,0,1,0,차대사람 - 기타,안전운전불이행,-,맑음,단일로 - 기타,개인형이동수단(PM),여,27세,상해없음,보행자,남,29세,경상,"[203356.96383275, 442721.53303057]",EPSG:5181
2021091000100147,2021년 9월 10일 10시,금요일,서울특별시 구로구 신도림동,,중상사고,0,1,0,0,차대차 - 기타,안전운전불이행,-,맑음,기타 - 기타,개인형이동수단(PM),여,43세,상해없음,자전거,여,67세,중상,"[188926.8194559, 445843.10886954]",EPSG:5181
2021091000100306,2021년 9월 10일 15시,금요일,서울특별시 강남구 역삼동,,경상사고,0,0,1,0,차대사람 - 길가장자리구역통행중,신호위반,-,맑음,단일로 - 기타,개인형이동수단(PM),여,22세,상해없음,보행자,남,29세,경상,"[202352.95806796, 444719.98782154]",EPSG:5181
2021091000100582,2021년 9월 10일 21시,금요일,서울특별시 서대문구 창천동,,중상사고,0,1,0,0,차대사람 - 보도통행중,기타,-,흐림,단일로 - 기타,개인형이동수단(PM),남,19세,상해없음,보행자,여,29세,중상,"[194666.93663003, 450748.48584367]",EPSG:5181
2021091000100618,2021년 9월 10일 22시,금요일,서울특별시 강남구 논현동,,경상사고,0,0,1,0,차대차 - 기타,기타,-,흐림,교차로 - 교차로횡단보도내,개인형이동수단(PM),여,39세,경상,승용,남,50세,상해없음,"[203085.80905041, 445367.13437817]",EPSG:5181
2021091100100010,2021년 9월 11일 01시,토요일,서울특별시 강남구 논현동,,경상사고,0,0,2,0,차대차 - 측면충돌,신호위반,-,맑음,교차로 - 교차로안,개인형이동수단(PM),여,32세,상해없음,승용,남,19세,경상,"[202469.3354217, 445598.95107486]",EPSG:5181
2021091100100088,2021년 9월 11일 09시,토요일,서울특별시 광진구 자양동,,부상신고사고,0,0,0,1,차대차 - 측면충돌,안전운전불이행,-,맑음,교차로 - 교차로부근,개인형이동수단(PM),여,18세,부상신고,승용,남,66세,상해없음,"[207300.78375085, 447944.54760452]",EPSG:5181
2021091100100372,2021년 9월 11일 15시,토요일,서울특별시 송파구 신천동,,경상사고,0,0,1,0,차대사람 - 기타,안전운전불이행,-,맑음,단일로 - 기타,개인형이동수단(PM),여,34세,상해없음,보행자,여,6세,경상,"[209332.72669088, 446037.58245131]",EPSG:5181
2021091400100444,2021년 9월 14일 16시,화요일,서울특별시 은평구 갈현동,,경상사고,0,0,1,2,차대차 - 정면충돌,안전운전불이행,-,맑음,단일로 - 기타,개인형이동수단(PM),남,14세,부상신고,자전거,남,24세,경상,"[192906.49398743, 458597.12666446]",EPSG:5181
2021091500100691,2021년 9월 15일 21시,수요일,서울특별시 관악구 봉천동,,중상사고,0,1,0,0,차대차 - 기타,안전운전불이행,-,맑음,교차로 - 교차로안,개인형이동수단(PM),남,9세,상해없음,승용,여,37세,상해없음,"[193602.6652126, 443571.07691546]",EPSG:5181
2021091700100519,2021년 9월 17일 17시,금요일,서울특별시 강남구 삼성동,,경상사고,0,0,1,0,차대사람 - 보도통행중,기타,-,맑음,기타 - 기타,개인형이동수단(PM),남,16세,기타불명,보행자,남,56세,경상,"[205293.49040852, 445402.87440593]",EPSG:5181
2021091800100032,2021년 9월 18일 05시,토요일,서울특별시 강남구 개포동,,경상사고,0,0,1,0,차대차 - 측면충돌,신호위반,-,맑음,교차로 - 교차로안,개인형이동수단(PM),여,19세,경상,승용,남,43세,상해없음,"[204119.98497699, 441832.2327138]",EPSG:5181
2021091800100332,2021년 9월 18일 14시,토요일,서울특별시 강남구 신사동,,경상사고,0,0,1,0,차대사람 - 보도통행중,기타,-,맑음,기타 - 기타,개인형이동수단(PM),남,24세,상해없음,보행자,남,30세,경상,"[201888.15720423, 447095.4508573]",EPSG:5181
2021091800100586,2021년 9월 18일 20시,토요일,서울특별시 송파구 오금동,,부상신고사고,0,0,0,1,차량단독 - 전도전복 - 전도,안전운전불이행,-,맑음,단일로 - 기타,개인형이동수단(PM),남,26세,부상신고,,,,,"[211026.90703187, 445190.24136915]",EPSG:5181
2021091900100341,2021년 9월 19일 18시,일요일,서울특별시 마포구 합정동,,부상신고사고,0,0,0,1,차대차 - 기타,안전운전불이행,-,맑음,교차로 - 교차로횡단보도내,개인형이동수단(PM),남,25세,상해없음,원동기,남,22세,부상신고,"[192294.45133427, 450104.62464992]",EPSG:5181
2021091900100394,2021년 9월 19일 20시,일요일,서울특별시 송파구 오금동,,경상사고,0,0,1,0,차량단독 - 기타,안전운전불이행,-,기타,교차로 - 교차로안,개인형이동수단(PM),남,49세,경상,,,,,"[211356.38393404, 444748.81362982]",EPSG:5181
2021092000100305,2021년 9월 20일 17시,월요일,서울특별시 성북구 성북동,,경상사고,0,0,1,0,차대차 - 측면충돌,안전운전불이행,-,맑음,교차로 - 교차로횡단보도내,개인형이동수단(PM),남,25세,경상,승용,남,59세,상해없음,"[199655.86508872, 454884.62579667]",EPSG:5181
2021092000100361,2021년 9월 20일 19시,월요일,서울특별시 송파구 가락동,,경상사고,0,0,1,0,차대사람 - 보도통행중,안전운전불이행,-,맑음,단일로 - 기타,개인형이동수단(PM),여,15세,상해없음,보행자,여,25세,경상,"[211175.40928586, 443600.39063337]",EPSG:5181
2021092200100174,2021년 9월 22일 14시,수요일,서울특별시 강남구 대치동,,중상사고,0,1,0,0,차대사람 - 기타,안전운전불이행,-,맑음,단일로 - 교량,개인형이동수단(PM),남,15세,상해없음,보행자,여,73세,중상,"[205800.21140807, 443421.78059238]",EPSG:5181
2021092300100174,2021년 9월 23일 11시,목요일,서울특별시 노원구 하계동,,경상사고,0,0,1,0,차대사람 - 보도통행중,기타,-,맑음,단일로 - 기타,개인형이동수단(PM),남,28세,상해없음,보행자,여,48세,경상,"[206556.05589074, 459866.32631566]",EPSG:5181
2021092300100494,2021년 9월 23일 19시,목요일,서울특별시 강남구 도곡동,,경상사고,0,0,1,0,차대차 - 기타,안전운전불이행,-,맑음,단일로 - 기타,개인형이동수단(PM),남,25세,경상,승용,남,51세,상해없음,"[204595.1335369, 443158.27841245]",EPSG:5181
2021092400100468,2021년 9월 24일 19시,금요일,서울특별시 강남구 신사동,,부상신고사고,0,0,0,1,차대차 - 기타,안전운전불이행,-,맑음,단일로 - 기타,개인형이동수단(PM),남,36세,부상신고,이륜,남,39세,상해없음,"[201809.09425647, 446536.81176108]",EPSG:5181
2021092500100419,2021년 9월 25일 21시,토요일,서울특별시 강서구 내발산동,,경상사고,0,0,1,0,차대사람 - 보도통행중,기타,-,맑음,단일로 - 기타,개인형이동수단(PM),남,22세,상해없음,보행자,남,39세,경상,"[186439.92962634, 448092.74255403]",EPSG:5181
2021092500100473,2021년 9월 25일 23시,토요일,서울특별시 중랑구 중화동,,중상사고,0,1,0,0,차대사람 - 기타,안전운전불이행,-,맑음,기타 - 기타,개인형이동수단(PM),남,20세,상해없음,보행자,여,57세,중상,"[206462.79086689, 456153.35459004]",EPSG:5181
2021092600100381,2021년 9월 26일 22시,일요일,서울특별시 마포구 동교동,,경상사고,0,0,1,0,차대차 - 측면충돌,안전거리미확보,-,흐림,단일로 - 기타,개인형이동수단(PM),남,28세,경상,승용,여,62세,상해없음,"[193922.07063248, 450857.5669488]",EPSG:5181
2021092700100257,2021년 9월 27일 14시,월요일,서울특별시 광진구 자양동,,중상사고,0,1,0,0,차대차 - 측면충돌,안전운전불이행,-,맑음,단일로 - 기타,개인형이동수단(PM),남,27세,중상,승합,남,50세,상해없음,"[207607.41340015, 448037.21400148]",EPSG:5181
2021092700100405,2021년 9월 27일 18시,월요일,서울특별시 송파구 마천동,,경상사고,0,0,1,0,차대차 - 측면충돌,직진우회전진행방해,-,맑음,교차로 - 교차로안,개인형이동수단(PM),여,60세,경상,승용,남,58세,상해없음,"[213828.78540621, 443919.60775662]",EPSG:5181
2021092800100385,2021년 9월 28일 18시,화요일,서울특별시 중랑구 상봉동,,중상사고,0,1,0,0,차대차 - 기타,차로위반,-,맑음,교차로 - 교차로부근,개인형이동수단(PM),여,25세,중상,승용,남,52세,상해없음,"[208222.77798269, 454972.25177759]",EPSG:5181
2021092900100525,2021년 9월 29일 20시,수요일,서울특별시 강남구 삼성동,,경상사고,0,0,1,0,차대차 - 기타,중앙선침범,-,비,단일로 - 기타,개인형이동수단(PM),남,29세,경상,승용,남,57세,상해없음,"[205138.72150623, 445536.10507473]",EPSG:5181
2021093000100057,2021년 9월 30일 07시,목요일,서울특별시 광진구 중곡동,,경상사고,0,0,1,0,차대차 - 측면충돌,직진우회전진행방해,-,맑음,교차로 - 교차로안,개인형이동수단(PM),남,18세,경상,승용,남,25세,상해없음,"[207574.76601532, 451542.4368]",EPSG:5181
2021100100100069,2021년 10월 1일 08시,금요일,서울특별시 노원구 상계동,,경상사고,0,0,1,0,차대차 - 기타,안전운전불이행,-,맑음,교차로 - 교차로안,개인형이동수단(PM),여,22세,경상,승용,남,32세,상해없음,"[204969.07927334, 464059.53128556]",EPSG:5181
2021100100100113,2021년 10월 1일 09시,금요일,서울특별시 서초구 방배동,,경상사고,0,0,1,0,차대차 - 측면충돌,안전운전불이행,-,맑음,단일로 - 기타,개인형이동수단(PM),여,25세,경상,승용,남,57세,상해없음,"[199665.3489583, 443130.09510357]",EPSG:5181
2021100100100116,2021년 10월 1일 09시,금요일,서울특별시 강남구 역삼동,,중상사고,0,1,0,0,차대차 - 기타,안전운전불이행,-,맑음,단일로 - 기타,개인형이동수단(PM),남,22세,중상,승합,남,48세,상해없음,"[204081.32141843, 444403.041622]",EPSG:5181
2021100100100547,2021년 10월 1일 19시,금요일,서울특별시 영등포구 당산동4가,,경상사고,0,0,1,0,차대사람 - 횡단중,기타,-,맑음,단일로 - 기타,개인형이동수단(PM),여,15세,기타불명,보행자,여,56세,경상,"[190887.72870582, 448070.37211901]",EPSG:5181
2021100200100111,2021년 10월 2일 10시,토요일,서울특별시 송파구 삼전동,,경상사고,0,0,2,0,차대차 - 기타,신호위반,-,맑음,교차로 - 교차로안,개인형이동수단(PM),여,39세,경상,원동기,남,21세,경상,"[207938.72474618, 444991.76043063]",EPSG:5181
2021100200100540,2021년 10월 2일 20시,토요일,서울특별시 종로구 숭인동,,경상사고,0,0,1,0,차대차 - 기타,중앙선침범,-,맑음,단일로 - 기타,개인형이동수단(PM),여,44세,경상,승용,남,45세,상해없음,"[202051.96038433, 452599.48065265]",EPSG:5181
2021100300100312,2021년 10월 3일 17시,일요일,서울특별시 마포구 신공덕동,,경상사고,0,0,1,0,차대차 - 측면충돌,안전운전불이행,-,맑음,단일로 - 기타,개인형이동수단(PM),남,34세,상해없음,이륜,남,52세,경상,"[196210.43388521, 449638.26463207]",EPSG:5181
2021100400100097,2021년 10월 4일 10시,월요일,서울특별시 강남구 역삼동,,경상사고,0,0,1,0,차대차 - 기타,안전운전불이행,-,맑음,단일로 - 기타,개인형이동수단(PM),남,24세,상해없음,이륜,남,28세,경상,"[203171.42158055, 443940.02753404]",EPSG:5181
2021100400100199,2021년 10월 4일 14시,월요일,서울특별시 서초구 서초동,,경상사고,0,0,1,0,차대사람 - 보도통행중,기타,-,맑음,단일로 - 기타,개인형이동수단(PM),남,15세,상해없음,보행자,여,53세,경상,"[202067.46092787, 444792.50007305]",EPSG:5181
2021100500100061,2021년 10월 5일 08시,화요일,서울특별시 중랑구 면목동,,경상사고,0,0,1,0,차대차 - 측면충돌,안전운전불이행,-,맑음,교차로 - 교차로안,개인형이동수단(PM),남,30세,경상,승용,남,63세,상해없음,"[208248.86280173, 453454.78493416]",EPSG:5181
2021100600100176,2021년 10월 6일 11시,수요일,서울특별시 중구 남대문로1가,,경상사고,0,0,1,0,차대차 - 측면충돌,안전운전불이행,-,비,교차로 - 교차로안,개인형이동수단(PM),남,18세,상해없음,원동기,남,71세,경상,"[198465.1198906, 452118.21417105]",EPSG:5181
2021100700100174,2021년 10월 7일 11시,목요일,서울특별시 동대문구 신설동,,중상사고,0,1,0,0,차대사람 - 기타,안전운전불이행,-,맑음,단일로 - 기타,개인형이동수단(PM),여,24세,중상,보행자,남,52세,상해없음,"[202076.96416634, 452600.61409981]",EPSG:5181
2021100800100113,2021년 10월 8일 09시,금요일,서울특별시 동작구 상도동,,중상사고,0,1,0,0,차대차 - 측면충돌,불법유턴,-,맑음,단일로 - 기타,개인형이동수단(PM),남,74세,중상,승용,남,39세,상해없음,"[196393.01033592, 444273.16348928]",EPSG:5181
2021100900100415,2021년 10월 9일 19시,토요일,서울특별시 중랑구 신내동,,중상사고,0,1,0,0,차대사람 - 횡단중,신호위반,-,맑음,교차로 - 교차로부근,개인형이동수단(PM),남,28세,상해없음,보행자,남,49세,중상,"[208414.4276128, 456179.75388006]",EPSG:5181
2021101100100408,2021년 10월 11일 19시,월요일,서울특별시 마포구 망원동,,부상신고사고,0,0,0,1,차대사람 - 차도통행중,신호위반,-,맑음,단일로 - 기타,개인형이동수단(PM),남,46세,상해없음,보행자,여,63세,부상신고,"[191878.34697422, 450658.62357939]",EPSG:5181
2021101200100120,2021년 10월 12일 09시,화요일,서울특별시 서초구 서초동,,경상사고,0,0,1,0,차대사람 - 기타,보행자보호의무위반,-,맑음,교차로 - 교차로안,개인형이동수단(PM),여,31세,상해없음,보행자,여,43세,경상,"[202305.44423504, 444436.6242525]",EPSG:5181
2021101400100087,2021년 10월 14일 08시,목요일,서울특별시 강북구 수유동,,경상사고,0,0,1,0,차대차 - 기타,안전운전불이행,-,맑음,단일로 - 기타,개인형이동수단(PM),남,28세,경상,승용,남,65세,상해없음,"[201880.01683957, 460465.6513862]",EPSG:5181
2021101400100471,2021년 10월 14일 18시,목요일,서울특별시 영등포구 대림동,,중상사고,0,1,0,0,차대차 - 정면충돌,중앙선침범,-,맑음,단일로 - 기타,개인형이동수단(PM),남,72세,상해없음,승용,남,56세,중상,"[190590.75541783, 444279.35391344]",EPSG:5181
2021101400100576,2021년 10월 14일 20시,목요일,서울특별시 송파구 삼전동,,중상사고,0,1,0,0,차대차 - 측면충돌,안전운전불이행,-,맑음,교차로 - 교차로횡단보도내,개인형이동수단(PM),남,50세,중상,승용,남,45세,상해없음,"[208176.49292819, 444864.97262371]",EPSG:5181
2021101500100365,2021년 10월 15일 16시,금요일,서울특별시 서초구 방배동,,경상사고,0,0,1,0,차대차 - 측면충돌,중앙선침범,-,맑음,단일로 - 기타,개인형이동수단(PM),남,63세,상해없음,자전거,남,68세,경상,"[198703.33948531, 444191.40022415]",EPSG:5181
2021101500100441,2021년 10월 15일 18시,금요일,서울특별시 송파구 문정동,,중상사고,0,1,0,0,차대사람 - 보도통행중,기타,-,맑음,교차로 - 교차로부근,개인형이동수단(PM),남,39세,상해없음,보행자,남,38세,중상,"[210649.05561954, 443250.45546452]",EPSG:5181
2021101600100045,2021년 10월 16일 05시,토요일,서울특별시 광진구 광장동,,중상사고,0,1,1,0,차대차 - 정면충돌,신호위반,-,맑음,교차로 - 교차로안,개인형이동수단(PM),남,27세,중상,승용,남,59세,경상,"[209221.2756278, 449501.37633704]",EPSG:5181
2021101600100155,2021년 10월 16일 11시,토요일,서울특별시 강남구 역삼동,,부상신고사고,0,0,0,1,차대차 - 기타,안전운전불이행,-,맑음,교차로 - 교차로안,개인형이동수단(PM),남,25세,부상신고,승용,여,47세,상해없음,"[202969.57893263, 444272.08636817]",EPSG:5181
2021101700100260,2021년 10월 17일 17시,일요일,서울특별시 동대문구 장안동,,경상사고,0,0,1,0,차대차 - 기타,기타,-,맑음,교차로 - 교차로안,개인형이동수단(PM),남,49세,경상,승용,남,62세,상해없음,"[205985.41720004, 452429.33628189]",EPSG:5181
2021102000100025,2021년 10월 20일 06시,수요일,서울특별시 송파구 마천동,,중상사고,0,1,0,0,차대사람 - 기타,안전운전불이행,-,맑음,기타 - 기타,개인형이동수단(PM),남,48세,상해없음,보행자,여,70세,중상,"[213837.27057555, 443640.53976031]",EPSG:5181
2021102000100057,2021년 10월 20일 08시,수요일,서울특별시 관악구 남현동,,경상사고,0,0,1,0,차대차 - 측면충돌,신호위반,-,맑음,교차로 - 교차로안,개인형이동수단(PM),남,68세,경상,승용,여,44세,상해없음,"[198018.25501377, 441896.87230951]",EPSG:5181
2021102000100433,2021년 10월 20일 18시,수요일,서울특별시 강북구 미아동,,경상사고,0,0,1,0,차대차 - 정면충돌,중앙선침범,-,맑음,단일로 - 기타,개인형이동수단(PM),남,14세,상해없음,승용,여,42세,경상,"[201098.09359101, 458328.6489679]",EPSG:5181
2021102100100332,2021년 10월 21일 16시,목요일,서울특별시 노원구 공릉동,,경상사고,0,0,1,0,차대사람 - 차도통행중,안전운전불이행,-,맑음,교차로 - 교차로안,개인형이동수단(PM),여,18세,상해없음,보행자,남,2세,경상,"[206600.40264301, 458678.09036465]",EPSG:5181
2021102100100553,2021년 10월 21일 21시,목요일,서울특별시 은평구 응암동,,중상사고,0,1,0,0,차대사람 - 보도통행중,기타,-,맑음,단일로 - 기타,개인형이동수단(PM),여,17세,상해없음,보행자,여,59세,중상,"[192453.88630778, 454734.24053122]",EPSG:5181
2021102200100028,2021년 10월 22일 05시,금요일,서울특별시 중구 장충동2가,,경상사고,0,0,1,0,차대차 - 측면충돌,안전거리미확보,-,맑음,단일로 - 기타,개인형이동수단(PM),남,60세,기타불명,승용,남,66세,상해없음,"[200253.1390064, 451305.40696038]",EPSG:5181
2021102200100577,2021년 10월 22일 19시,금요일,서울특별시 은평구 역촌동,,경상사고,0,0,1,0,차대사람 - 보도통행중,신호위반,-,맑음,교차로 - 교차로안,개인형이동수단(PM),여,18세,상해없음,보행자,여,56세,경상,"[192578.81810252, 455883.34446546]",EPSG:5181
2021102300100062,2021년 10월 23일 08시,토요일,서울특별시 중랑구 망우동,,경상사고,0,0,1,0,차대사람 - 기타,안전운전불이행,-,맑음,단일로 - 기타,개인형이동수단(PM),여,29세,상해없음,보행자,여,56세,경상,"[208270.15394306, 454529.32710725]",EPSG:5181
2021102300100328,2021년 10월 23일 15시,토요일,서울특별시 마포구 서교동,,부상신고사고,0,0,0,1,차대차 - 측면충돌,안전운전불이행,-,맑음,교차로 - 교차로안,개인형이동수단(PM),남,27세,부상신고,승용,남,29세,기타불명,"[192923.54098618, 450697.19593716]",EPSG:5181
2021102400100095,2021년 10월 24일 10시,일요일,서울특별시 강서구 가양동,,중상사고,0,1,0,0,차대사람 - 보도통행중,기타,-,맑음,단일로 - 기타,개인형이동수단(PM),남,31세,상해없음,보행자,여,62세,중상,"[188021.07840653, 450998.24128444]",EPSG:5181
2021102500100628,2021년 10월 25일 22시,월요일,서울특별시 동작구 신대방동,,경상사고,0,0,1,0,차대사람 - 기타,안전운전불이행,-,맑음,단일로 - 기타,개인형이동수단(PM),여,20세,상해없음,보행자,남,30세,경상,"[192008.82188886, 443238.48744656]",EPSG:5181
2021102500100648,2021년 10월 25일 23시,월요일,서울특별시 성동구 성수동2가,,경상사고,0,0,1,0,차대차 - 기타,기타,-,맑음,단일로 - 기타,개인형이동수단(PM),여,32세,경상,승용,남,51세,상해없음,"[205300.29388876, 449392.48982112]",EPSG:5181
2021102600100024,2021년 10월 26일 05시,화요일,서울특별시 은평구 진관동,,중상사고,0,1,1,0,차대차 - 정면충돌,안전운전불이행,-,맑음,단일로 - 기타,개인형이동수단(PM),남,22세,중상,자전거,남,55세,경상,"[192798.16274548, 459214.78588849]",EPSG:5181
2021102600100062,2021년 10월 26일 08시,화요일,서울특별시 성북구 동선동2가,,경상사고,0,0,1,0,차대사람 - 차도통행중,안전운전불이행,-,맑음,단일로 - 기타,개인형이동수단(PM),남,41세,상해없음,보행자,여,24세,경상,"[201801.36564735, 453820.62648586]",EPSG:5181
2021102600100270,2021년 10월 26일 14시,화요일,서울특별시 강서구 화곡동,,중상사고,0,1,0,0,차대차 - 기타,안전운전불이행,-,맑음,단일로 - 기타,개인형이동수단(PM),여,23세,중상,승합,남,48세,상해없음,"[185737.63956203, 448662.2234868]",EPSG:5181
2021102600100576,2021년 10월 26일 22시,화요일,서울특별시 구로구 구로동,,중상사고,0,1,0,0,차대사람 - 기타,안전운전불이행,-,맑음,교차로 - 교차로안,개인형이동수단(PM),여,14세,상해없음,보행자,남,46세,중상,"[190169.04020615, 443818.93978937]",EPSG:5181
2021102700100420,2021년 10월 27일 18시,수요일,서울특별시 동작구 사당동,,중상사고,0,1,0,0,차대차 - 측면충돌,안전운전불이행,-,맑음,교차로 - 교차로안,개인형이동수단(PM),남,29세,중상,승용,남,49세,상해없음,"[198383.41828589, 441892.80890629]",EPSG:5181
2021102800100223,2021년 10월 28일 11시,목요일,서울특별시 성동구 성수동2가,,경상사고,0,0,1,0,차대사람 - 횡단중,안전운전불이행,-,맑음,단일로 - 기타,개인형이동수단(PM),남,27세,상해없음,보행자,여,37세,경상,"[205241.14983791, 449415.18440768]",EPSG:5181
2021102800100596,2021년 10월 28일 20시,목요일,서울특별시 노원구 상계동,,사망사고,1,0,0,0,차량단독 - 공작물충돌,안전운전불이행,-,맑음,교차로 - 교차로부근,개인형이동수단(PM),남,17세,사망,,,,,"[206749.93507817, 463468.79139568]",EPSG:5181
2021103000100394,2021년 10월 30일 18시,토요일,서울특별시 강남구 대치동,,부상신고사고,0,0,0,1,차대차 - 기타,안전운전불이행,-,맑음,기타 - 기타,개인형이동수단(PM),남,15세,상해없음,자전거,남,12세,부상신고,"[204998.7522519, 444201.83392434]",EPSG:5181
2021110100100001,2021년 11월 1일 00시,월요일,서울특별시 광진구 화양동,,경상사고,0,0,1,0,차대사람 - 기타,안전운전불이행,-,맑음,단일로 - 기타,개인형이동수단(PM),남,27세,상해없음,보행자,남,26세,경상,"[206064.48416969, 449037.41121706]",EPSG:5181
2021110100100248,2021년 11월 1일 13시,월요일,서울특별시 중랑구 면목동,,부상신고사고,0,0,0,1,차대차 - 측면충돌,안전거리미확보,-,맑음,단일로 - 기타,개인형이동수단(PM),남,55세,부상신고,승합,남,39세,상해없음,"[207187.00663247, 453536.16807803]",EPSG:5181
2021110300100442,2021년 11월 3일 18시,수요일,서울특별시 은평구 응암동,,경상사고,0,0,1,0,차대사람 - 보도통행중,기타,-,맑음,기타 - 기타,개인형이동수단(PM),남,69세,상해없음,보행자,남,8세,경상,"[193936.15127484, 455730.51087831]",EPSG:5181
2021110300100550,2021년 11월 3일 20시,수요일,서울특별시 서대문구 남가좌동,,중상사고,0,1,0,0,차대사람 - 기타,기타,-,맑음,단일로 - 기타,개인형이동수단(PM),남,28세,상해없음,보행자,여,40세,중상,"[192263.19939096, 452218.26529521]",EPSG:5181
2021110500100298,2021년 11월 5일 14시,금요일,서울특별시 강북구 수유동,,중상사고,0,2,0,0,차대사람 - 횡단중,신호위반,-,맑음,단일로 - 기타,개인형이동수단(PM),남,41세,상해없음,보행자,여,60세,중상,"[202653.25790002, 460289.70192024]",EPSG:5181
2021110600100351,2021년 11월 6일 16시,토요일,서울특별시 영등포구 대림동,,경상사고,0,0,1,0,차대차 - 측면충돌,안전운전불이행,-,맑음,교차로 - 교차로안,개인형이동수단(PM),여,55세,경상,승용,여,50세,기타불명,"[191087.31103737, 443268.60638422]",EPSG:5181
2021110700100461,2021년 11월 7일 22시,일요일,서울특별시 강동구 천호동,,경상사고,0,0,1,0,차대차 - 기타,안전운전불이행,-,맑음,교차로 - 교차로안,개인형이동수단(PM),남,45세,경상,승용,여,36세,상해없음,"[212730.79479477, 449481.02411141]",EPSG:5181
2021110800100061,2021년 11월 8일 07시,월요일,서울특별시 종로구 창신동,,중상사고,0,1,0,1,차대사람 - 보도통행중,기타,-,맑음,단일로 - 기타,개인형이동수단(PM),여,52세,부상신고,보행자,여,60세,중상,"[201053.03892352, 452511.1325232]",EPSG:5181
2021111100100281,2021년 11월 11일 13시,목요일,서울특별시 서초구 반포동,,중상사고,0,1,0,0,차대차 - 측면충돌,신호위반,-,맑음,단일로 - 기타,개인형이동수단(PM),남,33세,중상,이륜,남,71세,상해없음,"[198660.58159914, 444519.30059014]",EPSG:5181
2021111100100593,2021년 11월 11일 21시,목요일,서울특별시 관악구 봉천동,,경상사고,0,0,2,0,차대사람 - 기타,안전운전불이행,-,맑음,단일로 - 기타,개인형이동수단(PM),여,28세,기타불명,보행자,여,25세,경상,"[196577.96817825, 442034.28077402]",EPSG:5181
2021111100100643,2021년 11월 11일 23시,목요일,서울특별시 관악구 봉천동,,중상사고,0,1,0,0,차대차 - 측면충돌,직진우회전진행방해,-,기타,교차로 - 교차로안,개인형이동수단(PM),남,24세,중상,승용,남,73세,상해없음,"[195083.64307245, 442175.40337485]",EPSG:5181
2021111200100084,2021년 11월 12일 08시,금요일,서울특별시 종로구 연지동,,부상신고사고,0,0,0,1,차대사람 - 횡단중,신호위반,-,맑음,교차로 - 교차로안,개인형이동수단(PM),기타불명,미분류,기타불명,보행자,남,9세,부상신고,"[200169.90994037, 452658.49249151]",EPSG:5181
2021111300100472,2021년 11월 13일 18시,토요일,서울특별시 노원구 상계동,,경상사고,0,0,1,0,차대사람 - 보도통행중,안전운전불이행,-,맑음,교차로 - 교차로부근,개인형이동수단(PM),남,17세,상해없음,보행자,남,63세,경상,"[204585.41294211, 464343.59796609]",EPSG:5181
2021111300100610,2021년 11월 13일 22시,토요일,서울특별시 금천구 독산동,,경상사고,0,0,2,0,차대차 - 정면충돌,중앙선침범,-,맑음,단일로 - 기타,개인형이동수단(PM),남,29세,경상,승용,남,58세,경상,"[190936.22477828, 440824.8752356]",EPSG:5181
2021111400100018,2021년 11월 14일 01시,일요일,서울특별시 마포구 상수동,,경상사고,0,0,1,0,차대사람 - 보도통행중,기타,-,맑음,단일로 - 기타,개인형이동수단(PM),여,25세,기타불명,보행자,남,32세,경상,"[193369.55517314, 449786.21872493]",EPSG:5181
2021111400100053,2021년 11월 14일 03시,일요일,서울특별시 강남구 역삼동,,부상신고사고,0,0,0,1,차량단독 - 기타,기타,-,맑음,기타 - 기타,개인형이동수단(PM),남,31세,부상신고,,,,,"[203619.6064501, 444691.70348039]",EPSG:5181
2021111400100108,2021년 11월 14일 10시,일요일,서울특별시 영등포구 여의도동,,경상사고,0,0,1,0,차대사람 - 보도통행중,기타,-,맑음,단일로 - 기타,개인형이동수단(PM),여,23세,상해없음,보행자,여,65세,경상,"[193322.21221661, 446836.83792805]",EPSG:5181
2021111500100087,2021년 11월 15일 08시,월요일,서울특별시 마포구 용강동,,부상신고사고,0,0,0,1,차대사람 - 횡단중,보행자보호의무위반,-,맑음,단일로 - 기타,개인형이동수단(PM),남,44세,상해없음,보행자,여,74세,부상신고,"[194762.52287208, 449140.37592923]",EPSG:5181
2021111600100101,2021년 11월 16일 08시,화요일,서울특별시 성동구 성수동2가,,경상사고,0,0,1,0,차대사람 - 차도통행중,안전운전불이행,-,맑음,단일로 - 기타,개인형이동수단(PM),여,19세,상해없음,보행자,여,30세,경상,"[205206.5838339, 449330.9673316]",EPSG:5181
2021111800100002,2021년 11월 18일 00시,목요일,서울특별시 강남구 논현동,,중상사고,0,1,0,0,차대차 - 측면충돌,기타,-,맑음,교차로 - 교차로안,개인형이동수단(PM),여,28세,중상,승용,남,27세,상해없음,"[202508.58897621, 446683.58561723]",EPSG:5181
2021111800100581,2021년 11월 18일 22시,목요일,서울특별시 동작구 사당동,,부상신고사고,0,0,0,1,차량단독 - 기타,안전운전불이행,-,맑음,기타 - 기타,개인형이동수단(PM),남,33세,부상신고,,,,,"[198159.57443056, 442788.96854022]",EPSG:5181
2021111900100189,2021년 11월 19일 11시,금요일,서울특별시 영등포구 양평동3가,,부상신고사고,0,0,0,1,차대차 - 측면충돌,안전운전불이행,-,맑음,교차로 - 교차로부근,개인형이동수단(PM),남,30세,부상신고,승용,남,45세,상해없음,"[190487.44864182, 447718.11106187]",EPSG:5181
2021111900100669,2021년 11월 19일 23시,금요일,서울특별시 성동구 성수동2가,,경상사고,0,0,1,0,차대사람 - 기타,신호위반,-,맑음,단일로 - 기타,개인형이동수단(PM),기타불명,미분류,기타불명,보행자,남,27세,경상,"[205588.97437718, 449285.9821827]",EPSG:5181
2021112000100057,2021년 11월 20일 04시,토요일,서울특별시 중구 신당동,,경상사고,0,0,1,0,차대차 - 측면충돌,중앙선침범,-,맑음,단일로 - 기타,개인형이동수단(PM),남,39세,경상,화물,남,38세,상해없음,"[200428.41548919, 450137.8830456]",EPSG:5181
2021112000100316,2021년 11월 20일 15시,토요일,서울특별시 송파구 잠실동,,중상사고,0,1,0,0,차대차 - 정면충돌,안전운전불이행,-,맑음,단일로 - 기타,개인형이동수단(PM),남,29세,상해없음,자전거,남,51세,중상,"[208581.48602204, 445273.28654242]",EPSG:5181
2021112100100011,2021년 11월 21일 01시,일요일,서울특별시 송파구 삼전동,,경상사고,0,0,1,0,차대차 - 기타,안전운전불이행,-,기타,기타 - 기타,개인형이동수단(PM),남,34세,경상,승용,남,21세,기타불명,"[207747.37644384, 444854.68956831]",EPSG:5181
2021112200100029,2021년 11월 22일 02시,월요일,서울특별시 마포구 연남동,,경상사고,0,0,1,0,차대차 - 기타,신호위반,-,맑음,단일로 - 기타,개인형이동수단(PM),남,25세,경상,화물,남,52세,기타불명,"[192937.2955213, 451308.50286476]",EPSG:5181
2021112300100001,2021년 11월 23일 00시,화요일,서울특별시 동작구 사당동,,부상신고사고,0,0,0,1,차량단독 - 기타,안전운전불이행,-,맑음,단일로 - 기타,개인형이동수단(PM),남,28세,부상신고,,,,,"[197495.50602655, 442188.21054896]",EPSG:5181
2021112400100161,2021년 11월 24일 11시,수요일,서울특별시 서대문구 창천동,,부상신고사고,0,0,0,1,차대차 - 측면충돌,안전운전불이행,-,맑음,교차로 - 교차로안,개인형이동수단(PM),남,22세,부상신고,승용,여,37세,상해없음,"[194259.461758, 450996.41432413]",EPSG:5181
2021112500100554,2021년 11월 25일 19시,목요일,서울특별시 강서구 마곡동,,중상사고,0,1,0,0,차대차 - 정면충돌,안전운전불이행,-,맑음,단일로 - 기타,개인형이동수단(PM),남,17세,상해없음,자전거,여,66세,중상,"[183812.05451349, 452210.31027411]",EPSG:5181
2021112600100019,2021년 11월 26일 01시,금요일,서울특별시 서대문구 북가좌동,,경상사고,0,0,1,0,차대차 - 측면충돌,불법유턴,-,맑음,교차로 - 교차로횡단보도내,개인형이동수단(PM),남,25세,상해없음,승용,남,55세,경상,"[191474.65322548, 453016.37499728]",EPSG:5181
2021112700100153,2021년 11월 27일 11시,토요일,서울특별시 은평구 녹번동,,경상사고,0,0,2,1,차대차 - 측면충돌,안전운전불이행,-,맑음,교차로 - 교차로부근,개인형이동수단(PM),남,42세,부상신고,이륜,남,55세,경상,"[193491.19990325, 455877.19869069]",EPSG:5181
2021112900100150,2021년 11월 29일 09시,월요일,서울특별시 송파구 잠실동,,경상사고,0,0,1,0,차대차 - 기타,안전운전불이행,-,기타,교차로 - 교차로부근,개인형이동수단(PM),여,27세,경상,화물,남,45세,상해없음,"[207559.8065766, 445701.03050436]",EPSG:5181
2021112900100478,2021년 11월 29일 18시,월요일,서울특별시 관악구 봉천동,,경상사고,0,0,1,0,차대사람 - 횡단중,안전운전불이행,-,맑음,교차로 - 교차로횡단보도내,개인형이동수단(PM),남,31세,상해없음,보행자,여,29세,경상,"[195859.05060507, 442531.65660132]",EPSG:5181
2021120100100512,2021년 12월 1일 19시,수요일,서울특별시 동작구 노량진동,,경상사고,0,0,1,0,차대사람 - 보도통행중,안전운전불이행,-,맑음,기타 - 기타,개인형이동수단(PM),남,25세,상해없음,보행자,남,23세,경상,"[194837.89106043, 446065.5944022]",EPSG:5181
2021120200100091,2021년 12월 2일 08시,목요일,서울특별시 중랑구 신내동,,경상사고,0,0,1,0,차대차 - 측면충돌,신호위반,-,맑음,교차로 - 교차로부근,개인형이동수단(PM),남,26세,경상,승용,여,55세,상해없음,"[208370.03605409, 457376.99561997]",EPSG:5181
2021120200100457,2021년 12월 2일 18시,목요일,서울특별시 서초구 방배동,,경상사고,0,0,1,0,차대사람 - 보도통행중,안전운전불이행,-,맑음,기타 - 기타,개인형이동수단(PM),여,22세,상해없음,보행자,여,36세,경상,"[198452.82495736, 442951.58846089]",EPSG:5181
2021120500100145,2021년 12월 5일 12시,일요일,서울특별시 마포구 서교동,,경상사고,0,0,1,0,차대사람 - 횡단중,신호위반,-,맑음,교차로 - 교차로안,개인형이동수단(PM),남,41세,상해없음,보행자,여,27세,경상,"[193298.41851508, 450371.06443169]",EPSG:5181
2021120500100288,2021년 12월 5일 17시,일요일,서울특별시 강북구 수유동,,경상사고,0,0,1,0,차대차 - 기타,중앙선침범,-,맑음,단일로 - 기타,개인형이동수단(PM),여,50세,상해없음,이륜,남,29세,경상,"[202183.61894948, 460750.38071613]",EPSG:5181
2021120700100390,2021년 12월 7일 17시,화요일,서울특별시 동작구 상도동,,경상사고,0,0,1,0,차대차 - 기타,안전운전불이행,-,맑음,단일로 - 기타,개인형이동수단(PM),여,34세,경상,승용,남,51세,상해없음,"[194961.84579572, 444388.60795822]",EPSG:5181
2021121000100017,2021년 12월 10일 01시,금요일,서울특별시 송파구 방이동,,중상사고,0,1,0,0,차대차 - 측면충돌,안전운전불이행,-,맑음,교차로 - 교차로안,개인형이동수단(PM),남,51세,중상,승용,남,44세,상해없음,"[209651.81261012, 445857.20520622]",EPSG:5181
2021121000100217,2021년 12월 10일 12시,금요일,서울특별시 동대문구 답십리동,,부상신고사고,0,0,0,1,차대차 - 기타,직진우회전진행방해,-,흐림,교차로 - 교차로안,개인형이동수단(PM),남,34세,부상신고,승용,여,69세,상해없음,"[204468.90734639, 452600.33740349]",EPSG:5181
2021121200100036,2021년 12월 12일 02시,일요일,서울특별시 강남구 역삼동,,경상사고,0,0,1,0,차대차 - 측면충돌,안전운전불이행,-,맑음,교차로 - 교차로횡단보도내,개인형이동수단(PM),남,27세,경상,승용,남,32세,상해없음,"[203555.34832831, 445488.67617275]",EPSG:5181
2021121200100199,2021년 12월 12일 15시,일요일,서울특별시 동작구 노량진동,,경상사고,0,0,1,0,차대사람 - 횡단중,보행자보호의무위반,-,맑음,교차로 - 교차로안,개인형이동수단(PM),남,14세,상해없음,보행자,여,39세,경상,"[194819.69890122, 445159.14930147]",EPSG:5181
2021121300100308,2021년 12월 13일 14시,월요일,서울특별시 용산구 한강로2가,,경상사고,0,0,1,0,차대사람 - 보도통행중,기타,-,맑음,기타 - 기타,개인형이동수단(PM),여,29세,상해없음,보행자,여,58세,경상,"[197045.40968214, 447633.92803441]",EPSG:5181
2021121300100435,2021년 12월 13일 18시,월요일,서울특별시 중구 쌍림동,,부상신고사고,0,0,0,1,차대차 - 기타,안전운전불이행,-,맑음,단일로 - 기타,개인형이동수단(PM),남,19세,부상신고,이륜,남,25세,기타불명,"[200397.89864908, 451549.27202243]",EPSG:5181
2021121500100413,2021년 12월 15일 18시,수요일,서울특별시 관악구 신림동,,경상사고,0,0,1,0,차대사람 - 보도통행중,안전운전불이행,-,맑음,기타 - 기타,개인형이동수단(PM),남,24세,상해없음,보행자,남,29세,경상,"[193616.02510418, 442750.83362909]",EPSG:5181
2021121600100274,2021년 12월 16일 15시,목요일,서울특별시 송파구 마천동,,부상신고사고,0,0,0,1,차대차 - 측면충돌,신호위반,-,맑음,교차로 - 교차로안,개인형이동수단(PM),남,68세,부상신고,승용,남,74세,상해없음,"[213084.83331032, 444418.85941208]",EPSG:5181
2021121600100377,2021년 12월 16일 18시,목요일,서울특별시 광진구 화양동,,경상사고,0,0,1,0,차대차 - 정면충돌,안전운전불이행,-,맑음,단일로 - 기타,개인형이동수단(PM),여,23세,상해없음,자전거,남,42세,경상,"[206246.63733645, 449774.67204679]",EPSG:5181
2021121800100002,2021년 12월 18일 00시,토요일,서울특별시 마포구 동교동,,경상사고,0,0,2,0,차대사람 - 보도통행중,안전운전불이행,-,맑음,기타 - 기타,개인형이동수단(PM),남,20세,상해없음,보행자,여,25세,경상,"[193261.20315821, 450785.02501865]",EPSG:5181
2021121900100295,2021년 12월 19일 20시,일요일,서울특별시 강북구 수유동,,경상사고,0,0,2,0,차대사람 - 기타,신호위반,-,맑음,교차로 - 교차로안,개인형이동수단(PM),남,21세,상해없음,보행자,남,65세,경상,"[201512.84314573, 459720.40310026]",EPSG:5181
2021121900100358,2021년 12월 19일 23시,일요일,서울특별시 송파구 잠실동,,경상사고,0,0,1,0,차대차 - 기타,안전운전불이행,-,맑음,교차로 - 교차로횡단보도내,개인형이동수단(PM),여,20세,경상,승용,남,18세,상해없음,"[209173.69114964, 445467.50958809]",EPSG:5181
2021122000100288,2021년 12월 20일 15시,월요일,서울특별시 영등포구 양평동5가,,경상사고,0,0,1,0,차대차 - 측면충돌,직진우회전진행방해,-,맑음,교차로 - 교차로안,개인형이동수단(PM),남,32세,경상,승용,남,47세,상해없음,"[190635.75372085, 448988.38175709]",EPSG:5181
2021122000100506,2021년 12월 20일 19시,월요일,서울특별시 구로구 오류동,,경상사고,0,0,1,0,차대차 - 기타,안전운전불이행,-,맑음,단일로 - 기타,개인형이동수단(PM),남,61세,상해없음,이륜,남,40세,경상,"[185238.83080614, 443508.64474644]",EPSG:5181
2021122100100273,2021년 12월 21일 15시,화요일,서울특별시 동작구 상도동,,부상신고사고,0,0,0,1,차대차 - 측면충돌,안전운전불이행,-,맑음,교차로 - 교차로부근,개인형이동수단(PM),남,17세,부상신고,이륜,남,19세,상해없음,"[196018.560354, 443954.05196184]",EPSG:5181
2021122200100347,2021년 12월 22일 16시,수요일,서울특별시 강서구 마곡동,,중상사고,0,1,0,0,차량단독 - 기타,기타,-,맑음,단일로 - 기타,개인형이동수단(PM),여,24세,중상,,,,,"[184573.94994208, 452283.39015167]",EPSG:5181
2021122300100154,2021년 12월 23일 11시,목요일,서울특별시 강남구 역삼동,,경상사고,0,0,1,0,차대차 - 기타,안전운전불이행,-,맑음,교차로 - 교차로부근,개인형이동수단(PM),남,18세,경상,승용,남,40세,상해없음,"[204097.21173797, 443859.91173913]",EPSG:5181
2021122800100515,2021년 12월 28일 22시,화요일,서울특별시 종로구 종로1가,,중상사고,0,1,0,0,차대차 - 기타,불법유턴,-,맑음,교차로 - 교차로횡단보도내,개인형이동수단(PM),남,47세,중상,승합,남,59세,상해없음,"[197999.79775891, 452332.8224699]",EPSG:5181
2021122900100086,2021년 12월 29일 09시,수요일,서울특별시 중랑구 상봉동,,부상신고사고,0,0,0,1,차대차 - 측면충돌,불법유턴,-,맑음,교차로 - 교차로안,개인형이동수단(PM),남,24세,부상신고,승용,남,31세,상해없음,"[207293.73121796, 455099.3581697]",EPSG:5181
2021122900100089,2021년 12월 29일 09시,수요일,서울특별시 강남구 청담동,,경상사고,0,0,1,0,차대차 - 기타,안전운전불이행,-,맑음,교차로 - 교차로횡단보도내,개인형이동수단(PM),남,36세,경상,승용,남,44세,상해없음,"[204325.47183565, 446840.30029671]",EPSG:5181
2021123000100141,2021년 12월 30일 11시,목요일,서울특별시 양천구 신월동,,중상사고,0,1,0,0,차대차 - 측면충돌,안전운전불이행,-,맑음,단일로 - 기타,개인형이동수단(PM),남,62세,중상,승용,남,67세,상해없음,"[184868.76443644, 448577.57359732]",EPSG:5181
2021123000100240,2021년 12월 30일 14시,목요일,서울특별시 관악구 봉천동,,경상사고,0,0,1,0,차대사람 - 보도통행중,안전운전불이행,-,맑음,기타 - 기타,개인형이동수단(PM),남,26세,상해없음,보행자,여,29세,경상,"[196429.26180959, 442156.53866882]",EPSG:5181
